caesar,190
will,163
brutus,161
bru,153
haue,148
cassi,107
cassius,85
antony,75
come,74
let,71
know,70
men,69
enter,64
now,63
heere,59
man,59
am,57
ant,48
vpon,48
well,48
day,46
lord,44
night,42
selfe,40
caes,39
like,39
noble,39
st,39
caesars,38
cask,38
heare,38
may,38
rome,38
tell,38
brut,37
say,37
see,37
giue,35
speake,35
stand,35
loue,34
caska,33
vp,32
who,32
death,29
feare,29
hand,29
euery,28
luc,28
looke,27
cinna,26
great,26
lucius,26
art,25
friends,25
gods,25
messala,25
time,25
blood,24
beare,23
downe,23
heart,23
octauius,23
sir,23
take,23
tis,23
titinius,23
exeunt,22
friend,22
mine,22
thinke,22
cas,21
hee,21
marke,20
word,20
wrong,20
can,19
fire,19
forth,19
leaue,19
messa,19
againe,18
away,18
liue,18
octa,18
place,18
romans,18
stay,18
true,18
world,18
bid,17
capitoll,17
decius,17
euen,17
euer,17
finde,17
made,17
neuer,17
peace,17
name,16
por,16
put,16
spirit,16
wee,16
cause,15
comes,15
dead,15
hands,15
house,15
morrow,15
part,15
shew,15
boy,14
dye,14
eyes,14
follow,14
himselfe,14
honourable,14
lucillius,14
mark,14
once,14
roman,14
set,14
vnto,14
way,14
answer,13
body,13
caius,13
face,13
fellow,13
hold,13
ile,13
metellus,13
portia,13
sword,13
backe,12
bad,12
best,12
brother,12
cato,12
exit,12
fell,12
first,12
hearts,12
home,12
life,12
march,12
mighty,12
pindarus,12
run,12
words,12
beares,11
bring,11
cicero,11
crowne,11
cry,11
fall,11
flye,11
honor,11
master,11
meane,11
owne,11
philippi,11
publius,11
selues,11
ser,11
sicke,11
sooth,11
still,11
trebonius,11
being,10
call,10
calphurnia,10
cass,10
farewell,10
full,10
generall,10
gentle,10
ho,10
keepe,10
matter,10
meete,10
pardon,10
people,10
rest,10
strong,10
sure,10
vnder,10
vse,10
worke,10
awake,9
bloody,9
common,9
cymber,9
directly,9
enemy,9
heard,9
kill,9
ligarius,9
lye,9
meanes,9
onely,9
ouer,9
sayes,9
sleepe,9
strato,9
tongue,9
traitors,9
worthy,9
yong,9
alas,8
ambitious,8
change,8
countrymen,8
dangerous,8
deere,8
ha,8
hard,8
hoe,8
last,8
lepidus,8
loues,8
meet,8
minde,8
old,8
ple,8
poet,8
poore,8
read,8
reasons,8
seeke,8
seene,8
stirre,8
strange,8
streets,8
talke,8
tent,8
turne,8
vile,8
volumnius,8
welcome,8
alarum,7
appeare,7
army,7
bed,7
beene,7
came,7
cin,7
durst,7
end,7
enterprize,7
farre,7
fashion,7
free,7
high,7
houre,7
ill,7
leade,7
letters,7
mou,7
pray,7
reason,7
remember,7
respect,7
saw,7
senate,7
senators,7
shake,7
sonne,7
spirits,7
thought,7
walke,7
wife,7
wish,7
alone,6
base,6
beleeue,6
certaine,6
claudio,6
clit,6
clocke,6
cold,6
country,6
course,6
cut,6
dayes,6
deci,6
em,6
enemies,6
eye,6
fetch,6
field,6
fit,6
found,6
funerall,6
ghost,6
going,6
gold,6
hart,6
hearke,6
hide,6
honour,6
ides,6
left,6
lesse,6
long,6
lookes,6
lou,6
lucil,6
nay,6
neere,6
new,6
note,6
offer,6
passe,6
patience,6
point,6
pompeyes,6
power,6
reade,6
redresse,6
right,6
satisfied,6
seruant,6
speak,6
state,6
tane,6
th,6
themselues,6
thrice,6
thunder,6
times,6
trade,6
truly,6
valiant,6
vertue,6
voyce,6
weake,6
weepe,6
went,6
wilt,6
yes,6
actus,5
age,5
aliue,5
angry,5
antonio,5
ayre,5
blame,5
braue,5
breake,5
brought,5
burne,5
cai,5
calp,5
clitus,5
dagger,5
deed,5
earth,5
endure,5
fare,5
fight,5
fla,5
flatterers,5
flauius,5
fly,5
gaue,5
giues,5
gowne,5
head,5
heauen,5
heauens,5
here,5
honest,5
instrument,5
least,5
light,5
little,5
look,5
madam,5
marcus,5
market,5
mettle,5
mur,5
mutiny,5
nature,5
offended,5
opinion,5
ore,5
perceiue,5
pitty,5
prepare,5
presse,5
pulpit,5
resolu,5
ride,5
roome,5
seeme,5
seuerall,5
shout,5
sicknesse,5
side,5
smile,5
souldier,5
soules,5
speakes,5
speech,5
spoke,5
statue,5
suite,5
tit,5
titin,5
tooke,5
tyber,5
wherefore,5
wine,5
woman,5
worth,5
wounds,5
ambition,4
armes,4
battaile,4
bee,4
begge,4
begin,4
behold,4
beware,4
bond,4
borne,4
breefely,4
businesse,4
ceremonies,4
chanc,4
cic,4
clouds,4
cob,4
conspirators,4
constant,4
coward,4
crown,4
cynna,4
dare,4
deeds,4
deny,4
depart,4
doubt,4
dreadfull,4
dreame,4
dwell,4
eare,4
eares,4
fast,4
fault,4
faults,4
fearefull,4
feeble,4
flood,4
flourish,4
fooles,4
foorth,4
fortune,4
freedome,4
generals,4
giuen,4
glad,4
goe,4
goes,4
grace,4
greefes,4
ground,4
growne,4
halfe,4
heads,4
health,4
held,4
honors,4
humor,4
humour,4
iulius,4
kinde,4
king,4
knaue,4
knowne,4
lay,4
legions,4
liberty,4
lies,4
liuing,4
low,4
manet,4
masters,4
mee,4
mindes,4
monstrous,4
morning,4
musicke,4
newes,4
noblest,4
number,4
oath,4
offence,4
patient,4
pleasure,4
plebeians,4
plucke,4
pompey,4
present,4
presently,4
preuent,4
purpose,4
red,4
reuenge,4
round,4
runne,4
sad,4
safe,4
sake,4
shalt,4
sight,4
signe,4
sirra,4
sirs,4
sit,4
smiles,4
sold,4
sound,4
stab,4
stra,4
straight,4
strike,4
sway,4
swords,4
taken,4
teare,4
teares,4
temper,4
tempt,4
thinkes,4
thoughts,4
treb,4
triumph,4
var,4
warre,4
weare,4
whil,4
winde,4
wise,4
wisely,4
withall,4
worse,4
write,4
yea,4
yee,4
aboue,3
according,3
aduantage,3
affayres,3
alarums,3
amisse,3
ancestors,3
answered,3
apt,3
awe,3
battell,3
bend,3
beseech,3
bin,3
bold,3
bondman,3
bones,3
bosome,3
brings,3
brow,3
buried,3
charge,3
children,3
close,3
commend,3
comming,3
condition,3
conference,3
conquest,3
consent,3
consider,3
conspiracie,3
constancie,3
construe,3
content,3
cowards,3
crosse,3
cruell,3
danger,3
dangers,3
dard,3
dardanius,3
de,3
deede,3
desire,3
doest,3
drop,3
dy,3
dying,3
fates,3
fearing,3
fingers,3
fled,3
foote,3
forget,3
forme,3
friendly,3
gentlemen,3
glories,3
god,3
graues,3
graunt,3
greater,3
greefe,3
haile,3
happy,3
harme,3
haste,3
heauy,3
hill,3
holds,3
honesty,3
hope,3
horse,3
hot,3
huge,3
hundred,3
idle,3
images,3
immortall,3
ioy,3
iudge,3
kisse,3
kneele,3
knew,3
knowes,3
lady,3
late,3
laughter,3
led,3
lep,3
lightning,3
limbes,3
loose,3
lyon,3
makes,3
manner,3
mans,3
matters,3
met,3
metel,3
mother,3
mothers,3
motion,3
mouth,3
ne,3
neede,3
noyse,3
oft,3
order,3
ordinary,3
palme,3
parts,3
permission,3
pind,3
pluckt,3
popillius,3
powers,3
priuate,3
promise,3
proofe,3
proper,3
proscription,3
prythee,3
publike,3
question,3
rage,3
ran,3
ready,3
receiue,3
refus,3
regard,3
reioyce,3
render,3
rise,3
romane,3
rous,3
sardis,3
saue,3
second,3
secrets,3
shame,3
shores,3
silence,3
sinke,3
sleep,3
sodaine,3
soone,3
soothsayer,3
sort,3
soule,3
spurre,3
stare,3
steele,3
stones,3
stood,3
streetes,3
successe,3
sunne,3
sweare,3
sweet,3
swell,3
taper,3
taste,3
teeth,3
thinking,3
told,3
touch,3
traine,3
trash,3
trouble,3
truth,3
turn,3
turnes,3
twas,3
tydings,3
varrus,3
villaines,3
visit,3
vrge,3
walk,3
walkes,3
watch,3
windowes,3
women,3
yeeld,3
abide,2
abroad,2
abuse,2
acte,2
action,2
added,2
agen,2
ages,2
ambitions,2
arm,2
arme,2
artemidorus,2
aske,2
asleepe,2
asse,2
assure,2
attaine,2
audience,2
augurers,2
ayme,2
banish,2
bankes,2
barren,2
batchellor,2
bathe,2
battailes,2
bay,2
beast,2
beasts,2
begins,2
beholding,2
benefit,2
bent,2
bestow,2
betimes,2
betweene,2
bids,2
billes,2
bleed,2
bleeding,2
bloods,2
blowes,2
blunt,2
bondage,2
bondmen,2
booke,2
bound,2
bow,2
brands,2
break,2
breed,2
brest,2
bribes,2
browes,2
buriall,2
bury,2
butchers,2
calles,2
care,2
cast,2
ceremony,2
chance,2
chariot,2
chasticement,2
choose,2
ciuill,2
clau,2
cly,2
cobl,2
cobler,2
colour,2
com,2
comfort,2
commanders,2
commoners,2
commons,2
compell,2
condemn,2
conditions,2
confesse,2
conspirator,2
contented,2
corpes,2
councell,2
countenance,2
countrey,2
countries,2
creature,2
creatures,2
credit,2
crost,2
cryed,2
curre,2
curse,2
cuts,2
daggers,2
deaths,2
dec,2
deceiu,2
decree,2
deerer,2
defend,2
deliuer,2
demand,2
descend,2
deseru,2
destruction,2
die,2
discouer,2
dispos,2
diuell,2
doore,2
doores,2
drachmaes,2
draw,2
drawes,2
dreames,2
drinke,2
driue,2
droppes,2
drum,2
duty,2
dyes,2
dyest,2
early,2
ease,2
east,2
effect,2
elder,2
ended,2
ensigne,2
enuious,2
enuy,2
error,2
euill,2
euils,2
exalted,2
exploit,2
faces,2
faire,2
faith,2
falling,2
false,2
familiar,2
fantasie,2
fathers,2
fauour,2
fawne,2
fear,2
feast,2
fierce,2
fiery,2
fill,2
flint,2
foolerie,2
foot,2
forgetfull,2
fortunate,2
fresh,2
fret,2
gallant,2
gate,2
ghosts,2
glory,2
gouern,2
grant,2
greeke,2
griefe,2
groaning,2
grone,2
grow,2
growing,2
haire,2
harke,2
hauing,2
heeles,2
heereafter,2
hell,2
helpe,2
hie,2
higher,2
hilts,2
holy,2
holyday,2
honorable,2
hony,2
hounds,2
houses,2
humble,2
hung,2
iealous,2
impatience,2
impossible,2
incorporate,2
indeede,2
indure,2
infants,2
ingratitude,2
instruments,2
intended,2
intreat,2
ioyn,2
issue,2
italy,2
itching,2
iudgement,2
iust,2
iustice,2
knee,2
knees,2
knocke,2
knockes,2
ladder,2
laugh,2
leaden,2
leads,2
leane,2
leape,2
leather,2
lena,2
lend,2
letter,2
lippes,2
listen,2
liu,2
liues,2
loe,2
lost,2
loued,2
louer,2
louers,2
lowe,2
lupercall,2
lusty,2
lyes,2
lyons,2
mad,2
mantle,2
marching,2
married,2
marry,2
mean,2
mend,2
mens,2
merry,2
mess,2
mightie,2
mirth,2
mistrust,2
mooue,2
moreouer,2
moue,2
mourning,2
murderers,2
murellus,2
names,2
narrow,2
need,2
next,2
neyther,2
nights,2
nod,2
obiects,2
obserue,2
octauio,2
offered,2
olympus,2
ope,2
open,2
opens,2
ordinance,2
ouercame,2
pale,2
paper,2
parting,2
partly,2
passion,2
past,2
pay,2
peece,2
peeces,2
perils,2
personall,2
philosophy,2
pin,2
plaine,2
playes,2
pleasures,2
poor,2
popil,2
porch,2
practice,2
pre,2
preferre,2
preuention,2
pricke,2
prickt,2
priests,2
princes,2
prisoner,2
proceeded,2
proclaime,2
prodigies,2
pub,2
purposes,2
push,2
qualitie,2
quality,2
raise,2
ranke,2
rash,2
reades,2
reflection,2
rendred,2
reueng,2
reuerence,2
rich,2
rid,2
ring,2
rites,2
riu,2
royall,2
rul,2
rule,2
rushing,2
saide,2
sar,2
sawcy,2
schoole,2
sea,2
seale,2
secret,2
seeing,2
sees,2
sell,2
seru,2
serues,2
seuen,2
seuenty,2
sham,2
shed,2
shewes,2
shooes,2
showts,2
sights,2
slaine,2
slaues,2
slay,2
slept,2
slew,2
slight,2
slumber,2
smiling,2
soft,2
softly,2
soldiers,2
sorrow,2
sorry,2
souldiers,2
sparkes,2
speaking,2
spectacle,2
speed,2
speede,2
spot,2
spoyle,2
spurne,2
spurres,2
stabb,2
stands,2
starres,2
start,2
steale,2
sting,2
stoope,2
store,2
straine,2
streame,2
street,2
strength,2
stretcht,2
strife,2
strokes,2
strooke,2
strucke,2
sucke,2
sufferance,2
sufficeth,2
sutor,2
sutors,2
swet,2
swore,2
tending,2
tents,2
terrible,2
terror,2
testament,2
thanke,2
thicke,2
think,2
third,2
thriue,2
throng,2
throw,2
thrusting,2
tide,2
touches,2
tragedie,2
tremble,2
troopes,2
truely,2
try,2
tweene,2
tyranny,2
tyrant,2
tyrants,2
valour,2
verses,2
vnbraced,2
vnderneath,2
vnfold,2
vnknowne,2
volum,2
vouchsafe,2
vpward,2
vrg,2
vtterance,2
vttermost,2
walking,2
weary,2
weeping,2
wel,2
whisper,2
whole,2
wildenesse,2
willing,2
window,2
wing,2
wisedome,2
witnesse,2
woe,2
wonder,2
worst,2
worthinesse,2
wound,2
writ,2
wrongs,2
yeares,2
yeeres,2
yesterday,2
yoake,2
abler,1
abridg,1
absence,1
absent,1
accents,1
accidentall,1
accoutred,1
acquainted,1
acrosse,1
acted,1
acting,1
actors,1
adde,1
adder,1
addition,1
addrest,1
aeneas,1
afear,1
affabilitie,1
affection,1
affections,1
affraid,1
affrighted,1
agree,1
ague,1
alasse,1
alchymie,1
alliance,1
allow,1
alreadie,1
alwayes,1
amaz,1
amaze,1
ancestor,1
anchyses,1
angel,1
angell,1
anger,1
annoy,1
annoying,1
answere,1
answering,1
antonies,1
apace,1
apes,1
apparant,1
apparition,1
apparrell,1
appeas,1
appertaine,1
appetite,1
applauses,1
apply,1
appoint,1
apprehensiue,1
apron,1
arbors,1
arguing,1
arises,1
armies,1
arming,1
arose,1
arriu,1
arriue,1
artimedorus,1
arts,1
ascend,1
ascended,1
ashamed,1
ask,1
assemble,1
assembly,1
assur,1
astonish,1
aswell,1
ate,1
attaines,1
attempt,1
attempts,1
attendants,1
attyre,1
aueng,1
augmented,1
aule,1
auoyd,1
auoyded,1
aye,1
back,1
baite,1
bang,1
banished,1
banquetting,1
bar,1
bargaine,1
barke,1
barres,1
basest,1
basis,1
bastard,1
bastardie,1
batchellour,1
bath,1
battlements,1
bayed,1
beads,1
beards,1
beat,1
beaten,1
beauty,1
bees,1
beest,1
befall,1
befriend,1
began,1
begg,1
beggers,1
beginning,1
begun,1
behauiours,1
behinde,1
belike,1
belou,1
beloued,1
benches,1
bending,1
bequeathing,1
ber,1
besmeare,1
bestride,1
bethinke,1
betray,1
bidding,1
bigge,1
billow,1
bird,1
birds,1
birth,1
blacke,1
blaze,1
bleede,1
blest,1
blew,1
blockes,1
bloodie,1
blow,1
boldest,1
boldly,1
bolts,1
bonds,1
bookes,1
bootlesse,1
bosomes,1
bouge,1
bowels,1
bowl,1
bowle,1
br,1
braines,1
brasse,1
brau,1
brauely,1
brauery,1
breast,1
breath,1
breathed,1
breathlesse,1
bright,1
brim,1
brook,1
brothers,1
brute,1
brutish,1
buffet,1
burnes,1
burneth,1
burst,1
busie,1
bussling,1
buy,1
buzzing,1
byrth,1
cal,1
calculate,1
calender,1
cals,1
campe,1
cancell,1
canopy,1
cappes,1
captiue,1
captiues,1
captiuitie,1
car,1
carelesly,1
cares,1
carkasse,1
carpenter,1
carries,1
carrion,1
carrions,1
carue,1
case,1
catching,1
cauerne,1
causes,1
cautelous,1
censure,1
chace,1
chafing,1
chaire,1
channell,1
charges,1
charme,1
charractery,1
chayre,1
check,1
cheeke,1
cheere,1
chew,1
chidden,1
chide,1
chides,1
childe,1
chimney,1
choak,1
choaked,1
choice,1
choller,1
chollericke,1
chopt,1
chose,1
cimber,1
citizen,1
citizens,1
clamors,1
clap,1
clapp,1
cleane,1
climb,1
climber,1
cloake,1
cloakes,1
closet,1
closset,1
clowds,1
clymate,1
coarse,1
cobble,1
coffers,1
coffin,1
cogitations,1
cognisance,1
coine,1
colossus,1
combin,1
comets,1
commended,1
comment,1
commit,1
compact,1
companies,1
companion,1
company,1
compare,1
compasse,1
complexion,1
con,1
concaue,1
conceit,1
conceited,1
conceptions,1
conceyu,1
concluded,1
confidence,1
confines,1
confounded,1
conioyntly,1
coniur,1
coniure,1
conquerors,1
conquests,1
conscience,1
consequence,1
consorted,1
constantly,1
consum,1
contagion,1
contaminate,1
contribution,1
contriue,1
contriuer,1
controuersie,1
cooling,1
coronets,1
corporall,1
corruption,1
costly,1
couchings,1
couer,1
couert,1
couetous,1
counsell,1
counsels,1
count,1
counters,1
courage,1
courtesie,1
courtesies,1
cowardice,1
cowardly,1
craues,1
crept,1
crests,1
cride,1
cried,1
crimson,1
crooked,1
crouch,1
crowd,1
crowes,1
cryedst,1
crying,1
cull,1
cumber,1
cup,1
current,1
cursed,1
curtesie,1
curtsies,1
cushions,1
custome,1
cyn,1
cynicke,1
dam,1
damned,1
dang,1
danke,1
dar,1
darke,1
darknesse,1
darts,1
dash,1
daughter,1
deafe,1
deale,1
deare,1
debt,1
decay,1
deceitfull,1
deckt,1
decline,1
deepe,1
deerely,1
defeat,1
defence,1
defiance,1
degrees,1
delay,1
demeanor,1
depend,1
deriu,1
describ,1
desir,1
desires,1
desiring,1
determine,1
determined,1
deuise,1
dew,1
dewes,1
dies,1
difference,1
digest,1
dignities,1
dimme,1
dine,1
dinner,1
dint,1
dip,1
dis,1
discard,1
disclos,1
disclose,1
discomfort,1
disconsolate,1
discouered,1
discourse,1
disgest,1
dish,1
dishonor,1
dishonourable,1
dismember,1
dismisse,1
disperse,1
displeas,1
disposed,1
disposing,1
disprooue,1
disrobe,1
distract,1
disturbed,1
diuers,1
diuided,1
diuision,1
doers,1
dogge,1
dogges,1
domesticke,1
doo,1
doomesday,1
doublet,1
doubted,1
doubtfull,1
drawing,1
drawne,1
dreamer,1
dreampt,1
dreamt,1
drinkes,1
driuen,1
driues,1
drizel,1
dropping,1
drops,1
dropt,1
drowsily,1
dull,1
dum,1
dumbe,1
dungeon,1
dust,1
dwelling,1
dyed,1
eagerly,1
eagles,1
earely,1
earnes,1
earnest,1
ears,1
easily,1
eate,1
eating,1
egge,1
elbowes,1
elders,1
element,1
elements,1
elephants,1
embrace,1
empty,1
emulation,1
enclosed,1
encounter,1
encourag,1
encreaseth,1
enemie,1
enforc,1
enforced,1
enfranchisement,1
engagements,1
engendred,1
enioy,1
enlarge,1
enterred,1
entertaine,1
entire,1
entrailes,1
entreat,1
entreated,1
epicurus,1
erebus,1
errand,1
errands,1
eruptions,1
establish,1
eternall,1
euening,1
euerie,1
euerlasting,1
euills,1
execution,1
exhalations,1
exigent,1
exorcist,1
expect,1
expectation,1
expedition,1
expounded,1
extenuated,1
extremities,1
eyther,1
faction,1
factious,1
faculties,1
faile,1
faine,1
faint,1
faithfull,1
falles,1
falser,1
fam,1
fantasies,1
far,1
farther,1
farthest,1
farwell,1
fasten,1
fat,1
fatall,1
father,1
fatter,1
fauors,1
fawn,1
fawning,1
fearefulnesse,1
feares,1
fears,1
feathers,1
feauer,1
fed,1
feede,1
feeding,1
feeds,1
feele,1
feete,1
ferret,1
fields,1
fierie,1
fifteene,1
figures,1
findes,1
fine,1
finis,1
fir,1
firebrands,1
fires,1
firmament,1
firme,1
fiue,1
fixt,1
flame,1
flames,1
flash,1
flattered,1
flatterer,1
flattery,1
flauio,1
flearing,1
flesh,1
float,1
flowers,1
foam,1
foame,1
foe,1
foes,1
fold,1
followed,1
followes,1
fond,1
foole,1
foolish,1
forc,1
force,1
forgaue,1
forgets,1
forgot,1
formall,1
formed,1
formes,1
formost,1
forrest,1
fortunes,1
foule,1
fountaine,1
foure,1
fray,1
friendship,1
fright,1
frighted,1
fulfill,1
fuller,1
funerals,1
furnish,1
fury,1
games,1
gamesom,1
garland,1
gastly,1
gates,1
gaze,1
genius,1
gentlenesse,1
gentler,1
gently,1
girle,1
giuing,1
glanced,1
glasse,1
glasses,1
glaz,1
gliding,1
glow,1
gorging,1
gouerne,1
gracious,1
grasped,1
grauity,1
gray,1
graze,1
greatnesse,1
greeting,1
greets,1
greeu,1
greeue,1
greeuous,1
greeuously,1
grey,1
griefes,1
groane,1
growes,1
grudge,1
grug,1
guard,1
guesse,1
guide,1
guiltinesse,1
guilty,1
gustie,1
hacke,1
hackt,1
haires,1
handy,1
hang,1
hangs,1
harlot,1
hastie,1
hatch,1
hate,1
hated,1
hatefull,1
hates,1
hats,1
hauocke,1
hazard,1
hazards,1
headed,1
healthfull,1
heap,1
heape,1
heares,1
hearing,1
hearse,1
heauie,1
hedge,1
heed,1
heede,1
height,1
heires,1
henceforth,1
heraulds,1
hew,1
heyres,1
hibla,1
hidden,1
hideous,1
hides,1
hilles,1
hinder,1
hindes,1
hisse,1
history,1
hole,1
holes,1
holiday,1
hollow,1
honourably,1
honours,1
hopes,1
hoping,1
horrid,1
horsemen,1
horses,1
horsses,1
houres,1
howre,1
howted,1
howting,1
hugge,1
humours,1
hungry,1
hunters,1
hurle,1
hurtled,1
husbanded,1
husbands,1
hye,1
iades,1
iigging,1
illuminate,1
imitations,1
imminent,1
impart,1
impatient,1
impatiently,1
improue,1
incenses,1
incertaine,1
inclos,1
incompast,1
indifferent,1
indifferently,1
indirection,1
infirmitie,1
infirmities,1
inflame,1
inforced,1
infranchisement,1
infus,1
ingag,1
ingrafted,1
inkindled,1
inroll,1
insisted,1
instances,1
instantly,1
instigations,1
insupportable,1
insuppressiue,1
insurrection,1
intend,1
interim,1
intermit,1
interpose,1
interpreted,1
intrailes,1
inuenomed,1
ioynes,1
iron,1
ivlivs,1
julius,1
keepes,1
kerchiefe,1
kil,1
killing,1
kindle,1
kindnesse,1
kingdome,1
kingly,1
kissing,1
kites,1
knock,1
knocks,1
knot,1
knottie,1
labio,1
labour,1
labouring,1
lacke,1
lacks,1
lambe,1
lamented,1
laments,1
land,1
lane,1
large,1
latest,1
laught,1
lawfull,1
layest,1
leades,1
leafe,1
leagues,1
learn,1
learne,1
legacie,1
legacies,1
legges,1
lethee,1
leuying,1
leysure,1
liable,1
liberties,1
liefe,1
lift,1
lighted,1
lightens,1
lights,1
likes,1
limbe,1
limitation,1
lines,1
linkes,1
lionnesse,1
lips,1
list,1
litter,1
liued,1
load,1
loads,1
loath,1
locke,1
lodge,1
lofty,1
loines,1
looking,1
loosing,1
lordship,1
lose,1
losse,1
losses,1
lottery,1
louest,1
louing,1
lowd,1
lowest,1
lowly,1
lowlynesse,1
lustre,1
ly,1
lyable,1
lying,1
mace,1
madman,1
madmen,1
maiesticke,1
maine,1
maisters,1
mak,1
making,1
malice,1
marr,1
marriage,1
marrie,1
mart,1
maske,1
masker,1
meales,1
measure,1
meate,1
mechanicall,1
meddle,1
meditates,1
meditating,1
meeke,1
meere,1
meerely,1
melancholies,1
melteth,1
melting,1
memory,1
menace,1
mender,1
mention,1
merrily,1
mes,1
messenger,1
messengers,1
mid,1
mightier,1
millions,1
minded,1
mirrors,1
mischeefe,1
mischeefes,1
mischiefe,1
mischieuous,1
misconstrued,1
miseries,1
misgiuing,1
mistook,1
mixt,1
mo,1
mock,1
mocke,1
modestie,1
modestly,1
moe,1
monarkes,1
moneths,1
money,1
monwealth,1
mood,1
moone,1
moou,1
mortall,1
mortified,1
motiues,1
moued,1
mount,1
mountaine,1
mourn,1
mourne,1
mouthes,1
mouths,1
muffling,1
multitude,1
murd,1
murrellus,1
murther,1
musing,1
naked,1
napkins,1
natiue,1
naturall,1
natures,1
naughty,1
neats,1
necessitie,1
necessities,1
necke,1
needs,1
neerer,1
neglect,1
neigh,1
neighbors,1
neruij,1
nice,1
niggard,1
nimblenesse,1
ninth,1
nobler,1
nobly,1
noise,1
north,1
northerne,1
noted,1
notice,1
numbers,1
oakes,1
oathes,1
obey,1
obscurely,1
obseru,1
obseruer,1
occupation,1
ocean,1
oct,1
offall,1
offences,1
offering,1
office,1
officers,1
offices,1
older,1
omitted,1
omnes,1
opening,1
opinions,1
oration,1
orator,1
orchard,1
orchards,1
ordered,1
ouerthrow,1
ouerthrowne,1
outlarie,1
outward,1
owe,1
paid,1
paines,1
painted,1
palter,1
papers,1
parchment,1
parley,1
partake,1
parthia,1
particle,1
party,1
passions,1
path,1
pause,1
pawse,1
pearch,1
peazants,1
peepe,1
peeuish,1
pella,1
peoples,1
perceiu,1
perform,1
performance,1
perillous,1
person,1
perswasion,1
petition,1
petitions,1
petty,1
phantasma,1
physicall,1
piece,1
piercing,1
pipes,1
pit,1
pitch,1
pitteous,1
pittifull,1
places,1
plague,1
planted,1
players,1
pleas,1
pleasing,1
pledge,1
pluck,1
plucking,1
plunged,1
pluto,1
pocket,1
points,1
portentous,1
portents,1
possible,1
post,1
posture,1
powres,1
praetors,1
praise,1
praising,1
prayers,1
praying,1
predictions,1
prepar,1
presage,1
presence,1
presented,1
presents,1
presume,1
prethee,1
pretors,1
preuaile,1
preuayl,1
prey,1
prick,1
prima,1
primus,1
prize,1
proceede,1
proceeding,1
prodigious,1
produce,1
professe,1
profession,1
progresse,1
promis,1
property,1
prophesie,1
propos,1
proscriptions,1
prostrate,1
protest,1
protester,1
prou,1
proud,1
prouender,1
proues,1
prouidence,1
puisant,1
pul,1
pulling,1
pulpits,1
purchase,1
pure,1
purgers,1
purpled,1
purpos,1
puts,1
putting,1
quarrell,1
quarter,1
quartered,1
quartus,1
quick,1
quicke,1
quintus,1
rabblement,1
ragge,1
range,1
ranging,1
rankes,1
ransomes,1
rascall,1
rated,1
rauens,1
raw,1
rawe,1
rayes,1
readie,1
reading,1
reares,1
rebell,1
receiu,1
receiued,1
receiuest,1
receyuing,1
recouer,1
recount,1
recounts,1
recreate,1
redder,1
reeke,1
refresht,1
refuse,1
regarded,1
regions,1
reliques,1
remain,1
remaine,1
remaines,1
reme,1
remorse,1
rent,1
repaire,1
repayre,1
repeale,1
repealing,1
replication,1
reply,1
report,1
repose,1
repute,1
reputed,1
request,1
resolution,1
resort,1
resting,1
rests,1
retentiue,1
retreat,1
returne,1
returning,1
reueller,1
reuels,1
reuiuing,1
rhewmy,1
richer,1
richest,1
rightly,1
rime,1
ripe,1
roar,1
roares,1
roate,1
rob,1
robbers,1
robe,1
rocke,1
rogues,1
rose,1
rout,1
rubbish,1
ruby,1
ruddy,1
rude,1
rudenesse,1
ruffle,1
ruines,1
rumor,1
runnes,1
sacred,1
sacrifice,1
sacrificers,1
safely,1
safety,1
salutation,1
sardians,1
sate,1
satisfaction,1
satisfie,1
sauage,1
sauing,1
sawce,1
sawcie,1
sawe,1
sayd,1
sayer,1
saying,1
sayings,1
sayst,1
scandall,1
scap,1
scarffes,1
scedule,1
scene,1
school,1
scoena,1
scolding,1
scope,1
scorn,1
scorning,1
scratch,1
seal,1
search,1
searching,1
season,1
seat,1
seate,1
secundus,1
security,1
seduc,1
seek,1
seemes,1
seen,1
seest,1
seldome,1
semblance,1
sennet,1
sennit,1
senses,1
sensible,1
senslesse,1
sentence,1
serpents,1
seruants,1
serue,1
seruice,1
seruile,1
setting,1
seuerally,1
sex,1
shadow,1
shadowes,1
shakes,1
shakespeare,1
shaking,1
shallowes,1
shape,1
shapes,1
share,1
sheath,1
sheepe,1
shell,1
shine,1
shold,1
shooke,1
shop,1
shot,1
shoulder,1
shouted,1
shouting,1
showt,1
showted,1
showting,1
shreeking,1
shrew,1
shrewdly,1
shrieke,1
shriller,1
shrunke,1
sickely,1
sicken,1
sickly,1
sides,1
sighing,1
sighted,1
sign,1
signall,1
signified,1
signifies,1
silent,1
siluer,1
simple,1
sinewes,1
single,1
sirrah,1
sisters,1
sits,1
sixe,1
skie,1
skies,1
sland,1
slaue,1
slaughter,1
slaying,1
sleeke,1
sleepy,1
sleeue,1
slewe,1
slighted,1
slip,1
slippery,1
smallest,1
smatch,1
smell,1
smil,1
smoake,1
soare,1
sober,1
sodainly,1
song,1
sought,1
sounded,1
soundlesse,1
soundly,1
sounds,1
south,1
sowre,1
soyle,1
space,1
spaine,1
spake,1
spaniell,1
spare,1
sparke,1
speeches,1
speechlesse,1
spirited,1
spleene,1
split,1
spoiles,1
sport,1
sports,1
spouting,1
spouts,1
squadrons,1
squeale,1
stage,1
staine,1
staines,1
stake,1
stal,1
stale,1
stampt,1
standing,1
star,1
stares,1
starre,1
statillius,1
stayes,1
steeds,1
stemming,1
sterner,1
sterrile,1
stinglesse,1
stinking,1
stirr,1
stole,1
stolne,1
stomacke,1
stomackes,1
stone,1
stonie,1
stoop,1
storme,1
story,1
straite,1
strawes,1
streete,1
strengthen,1
stretch,1
strew,1
stricken,1
strikes,1
strings,1
striue,1
stroken,1
stronger,1
strucken,1
stubborne,1
study,1
stuffe,1
subiect,1
submitting,1
subtle,1
suburbs,1
suffered,1
suffering,1
suffers,1
summers,1
summes,1
superstitious,1
suppe,1
supper,1
supporting,1
surest,1
surgeon,1
surly,1
swallow,1
sweatie,1
sweetly,1
swim,1
swimme,1
swoonded,1
swound,1
tag,1
taking,1
tale,1
talk,1
tapers,1
tapor,1
tardie,1
tarquin,1
tarry,1
tarrying,1
taught,1
teach,1
tear,1
tearmes,1
teethes,1
tempest,1
tempests,1
tempted,1
tenure,1
tertius,1
testie,1
thank,1
tharsus,1
thaw,1
theater,1
theatre,1
thewes,1
thigh,1
thirsty,1
thirtie,1
thither,1
thorow,1
thousand,1
threat,1
threaten,1
threatning,1
threats,1
threw,1
throat,1
throwes,1
throwing,1
thunders,1
tinctures,1
tokens,1
tops,1
torch,1
torches,1
torrent,1
touched,1
touching,1
toucht,1
tower,1
towres,1
toyles,1
tradesmans,1
train,1
traitor,1
transformed,1
treason,1
treasure,1
trees,1
trembled,1
triall,1
tributaries,1
trickes,1
tride,1
tried,1
triumphes,1
trod,1
trophees,1
troubled,1
troy,1
trust,1
tu,1
tune,1
turning,1
tut,1
twentie,1
twenty,1
twere,1
twixt,1
tyed,1
tyrannie,1
tyred,1
value,1
vanish,1
vanished,1
vanishest,1
vanquish,1
vaunting,1
venom,1
ventures,1
vessell,1
vesture,1
vexed,1
vexeth,1
veyl,1
victorie,1
view,1
vildely,1
villager,1
villaine,1
villains,1
visage,1
vision,1
vnaccustom,1
vnassayleable,1
vnborne,1
vnderlings,1
vnderstood,1
vndeseruers,1
vndone,1
vnfirme,1
vngentle,1
vngently,1
vnicornes,1
vniuersall,1
vnkindely,1
vnkindest,1
vnkindnesse,1
vnlesse,1
vnluckily,1
vnmeritable,1
vnnumbred,1
vnpurged,1
vnscorch,1
vnshak,1
vntill,1
vntouch,1
vntrod,1
vntyr,1
vol,1
voluntary,1
vow,1
vowes,1
voyage,1
voyces,1
voyd,1
vpmost,1
vppe,1
vpper,1
vseth,1
vtmost,1
vtter,1
vttered,1
vulgar,1
wafter,1
wait,1
waited,1
wake,1
walles,1
walls,1
wander,1
want,1
warie,1
warne,1
warning,1
warnings,1
warres,1
warriours,1
wash,1
waspish,1
waste,1
wasted,1
watchfull,1
water,1
waues,1
wauing,1
waxe,1
wayes,1
weakenesse,1
weapons,1
wearie,1
weigh,1
weighing,1
wenches,1
wept,1
wer,1
whatsoeuer,1
wheeles,1
whelped,1
wherfore,1
whet,1
whilest,1
whit,1
whizzing,1
wholsome,1
whom,1
wide,1
wil,1
willes,1
william,1
winds,1
winne,1
winters,1
wisedom,1
wisht,1
wit,1
wiues,1
wofull,1
wolfe,1
womanish,1
womans,1
womens,1
wonderfull,1
wonders,1
wont,1
wood,1
workman,1
worldly,1
worships,1
worthier,1
worthles,1
wounded,1
wrangle,1
wrath,1
wrathfully,1
wreath,1
wretched,1
wring,1
writings,1
wrought,1
yawn,1
yeare,1
yeelded,1
yeelds,1
yesternight,1
yoaked,1
young,1
youthfull,1
youths,1
