word,count
ophel,2
damne,1
sounding,1
diseases,1
follow,21
sundaies,1
demand,2
queene,39
beetles,1
sister,8
vnproportion,1
begge,6
former,2
tutor,1
labour,2
pleasant,1
pickhaxe,1
gentlemen,12
requiem,1
schoole,1
suite,2
witchcraft,2
trick,1
repulsed,1
gainst,5
famous,1
raw,1
barke,1
pastors,1
stopes,1
creepe,1
prouinciall,1
stages,1
thee,58
fain,1
intreated,1
hard,3
rant,1
welcome,16
bonds,2
maruell,1
reuennew,1
seat,1
carry,3
thorny,1
euill,2
iocond,1
cleare,1
moderate,1
speciall,3
strawes,1
easier,1
speedier,1
rowe,1
tweene,1
therefore,14
leuies,2
rude,2
capeable,2
trauaile,1
reuerend,1
brazon,1
realme,1
falne,2
rouce,1
conuersation,1
botch,1
messengers,1
validitie,1
wretched,4
their,48
lordship,6
plots,2
presently,5
deuice,1
broakers,1
closely,1
priam,4
foot,2
pay,3
brooke,2
vowes,6
arrant,2
mercy,5
e,7
fate,2
mother,40
weepe,4
distinguish,1
rank,1
distresse,1
necessaries,1
crowing,1
peece,6
danskers,1
priams,1
vapours,1
ignorant,2
guifts,1
cherube,1
infects,1
shatter,1
frown,1
look,7
fit,12
withdrew,1
offendendo,1
shepheards,1
foresaid,1
fairely,1
carnall,1
next,4
carters,1
ile,58
bee,16
mainly,1
aye,2
knotty,1
voltemand,3
ennactors,1
whose,27
stealing,1
bloude,1
mantle,1
perfume,1
midnight,1
encounter,3
beame,1
shooes,2
primrose,1
deepe,3
iustice,1
distant,1
churches,1
gis,1
remoue,2
aspect,1
scul,1
gulfe,1
pluck,2
thsunne,1
crosse,2
returne,5
globe,1
defence,2
must,58
quickly,1
town,1
weighing,1
ran,1
offence,9
seemes,8
carowses,1
potently,1
entreatments,1
tragedie,4
either,4
tremble,2
cruell,2
fortunes,6
powerfully,1
pate,4
sallets,1
mermaid,1
reform,1
landlesse,1
saying,1
ghosts,1
courtiers,2
slaue,5
friendship,2
forbid,2
reynol,13
welcom,1
think,4
denies,1
ro,1
go,48
meete,4
diddest,1
many,15
yesternight,1
range,1
heauen,44
fire,11
incens,1
towring,1
clothes,1
massie,1
armour,2
lights,4
astonish,1
n,5
wil,4
difference,1
whit,1
arras,3
cressant,1
cat,1
but,249
clad,1
action,10
eldest,1
practise,1
pole,2
somthing,2
tweakes,1
lie,1
stirr,1
truly,5
powers,2
remain,1
cannons,1
forrest,1
patricke,1
cramm,1
brothell,1
wits,6
pretty,2
iust,3
lesser,1
hurt,2
whispers,1
gray,1
libertine,1
adieu,1
soldiers,3
iaw,2
suspiration,1
escape,2
scant,1
directly,1
vnhouzzled,1
hate,1
saue,5
why,60
lookes,7
late,10
wrist,1
loues,6
vsuall,1
st,29
floud,1
baby,2
clout,1
alone,10
learning,1
presentment,1
somnet,1
playd,1
count,4
voice,2
third,3
melt,2
blackest,1
stoppes,1
liues,3
blasted,2
poore,20
dire,1
informe,1
gates,1
wise,2
am,52
comming,4
leige,1
stayes,1
then,108
primus,1
supper,2
assaid,1
officers,2
sits,4
entrance,1
grandsire,1
ayme,1
feete,1
amen,1
dogges,1
sting,2
wrong,8
murder,3
tables,3
enterprizes,1
comment,1
glad,4
daintier,1
guild,20
againe,34
osr,18
sadnesse,1
trippingly,1
mason,2
horsebacke,1
vnmatch,1
heres,1
loines,1
struck,1
could,31
vile,1
steward,1
partiall,1
mart,1
is,328
neede,3
plaine,1
appurtenance,1
cease,2
shoulder,1
swift,2
relieu,1
sement,1
organ,1
enemie,1
tragicall,2
resort,1
children,3
simple,1
pile,1
iowles,1
tender,3
crowners,1
wish,4
remembraunce,1
chopfalne,1
melodious,1
fatnesse,1
high,3
knauery,1
contend,1
debate,1
illusion,1
fiery,2
vpshot,1
conceit,5
striking,1
ord,1
sweets,1
cum,1
cold,6
illium,1
subscrib,1
adoption,1
yet,37
condolement,1
minds,2
se,1
cloath,1
within,20
tane,3
countries,2
pox,1
knowest,1
determine,1
polake,1
deske,1
spade,4
cried,2
curse,1
greetings,1
forme,12
liued,3
perusall,1
bewept,1
stung,1
thou,107
seiz,1
necke,2
speech,16
perfect,1
poysons,1
adue,5
remisse,1
perceiued,1
wart,1
lads,1
iester,1
thrift,4
wracke,1
players,19
aloofe,2
prince,3
dearly,1
ladie,1
oddes,3
englands,1
ayres,1
smile,2
affear,1
farewell,15
fie,5
feares,1
outliues,1
barnardo,8
ere,15
glassie,1
smot,1
pagan,1
farwell,1
danger,4
intreat,2
prouerbe,1
trifle,1
truant,2
weares,1
orchard,2
redeliuer,1
howsoeuer,1
humour,1
gertrude,13
doubts,1
womans,1
yond,1
plautus,1
seruices,1
interre,1
knauish,2
maker,4
vnrighteous,1
storme,1
stythe,1
dig,1
glares,1
glimpses,1
ioyfully,1
vnmixt,1
strooke,3
priest,3
seeme,9
vnpreuayling,1
impresse,1
scann,1
suppliance,1
match,2
gonzago,4
discomfort,1
chance,2
buzzers,1
wed,3
seeing,4
cry,3
dungeons,1
inuestments,1
wassels,1
wilde,2
coniuring,1
driues,1
stands,3
charme,1
stalkes,1
whether,4
reconcilement,1
claudio,1
satisfaction,1
sayest,1
rosemary,1
willing,2
leuied,1
garbage,1
corner,1
seasons,1
most,77
naked,2
gold,1
creatures,3
else,13
cannon,4
ambassadors,3
remainder,1
argument,3
trumpet,4
wring,1
polon,38
becke,1
does,18
truepenny,1
vienna,1
fauours,2
mad,21
scena,3
adioyn,1
serious,1
cost,2
guts,2
intill,1
humble,1
watcht,1
cuckold,1
strange,9
foreknowing,1
lightnesse,1
leaues,3
promise,2
higher,1
owne,31
came,8
ambassador,1
purport,1
alexander,5
extasie,4
young,9
villaine,11
spleenatiue,1
wherefore,3
associates,1
quality,3
baudry,1
father,50
bounteous,1
saile,3
loued,3
whereas,1
thence,4
speechlesse,1
dispriz,1
porches,1
thine,14
treasure,4
he,202
pace,3
vgly,1
vnweeded,1
kites,1
fat,6
onely,5
aint,2
mettle,2
aduantage,1
through,7
clap,1
sorry,2
paire,2
backe,6
swearing,2
passage,2
rouse,2
can,35
clay,3
imediate,1
dispatch,2
bowts,1
fallies,1
partizan,1
feele,1
beare,13
vnnerued,1
smear,1
shardes,1
religion,1
patches,1
gumme,1
appliance,1
she,45
abhorred,1
sphere,1
shark,1
alarum,1
scoenes,1
aside,1
yeelding,1
ifaith,2
villany,1
souldiours,1
tedious,2
desirous,1
hic,1
pawse,1
appetite,1
hourely,1
wonderfull,2
conference,1
natures,2
false,6
finds,1
ayre,12
liberty,4
poysoner,2
rogue,2
throate,2
chaste,1
readinesse,1
coap,1
strongest,1
city,2
deeme,1
sheets,1
whipt,1
soales,1
lazar,1
button,1
neglected,2
noise,7
sword,16
laide,2
basket,2
horson,1
secret,4
rabble,1
exercise,3
hangers,3
been,3
call,23
mony,1
horses,2
toward,4
blastments,1
kinde,11
abroad,1
gall,3
one,46
vnmastred,1
staires,1
hell,10
company,1
yeare,5
attent,1
enuy,1
beckens,1
toe,2
flats,1
rule,1
fiers,1
gen,1
share,1
rotten,2
waile,1
still,18
prettinesse,1
oft,10
nunnerie,1
letter,3
song,1
soldier,2
calfe,1
mighty,2
horat,1
actors,2
against,20
kil,1
mildew,1
actions,1
cup,4
boorded,1
stirre,3
dosen,1
yong,8
rosincrane,3
grew,1
guarded,1
trickes,2
rend,2
chappell,2
reignes,1
bookes,1
apt,2
ditchers,1
bloud,4
feare,21
quest,1
hide,4
lippes,1
beggard,1
abus,1
purg,1
beseech,8
shipwright,2
cornelius,4
elsenour,1
ophelia,28
nothing,27
wandring,1
withers,1
accuse,1
dies,1
lend,4
excellence,2
sometime,1
tarre,1
note,6
laer,60
sunday,1
braine,5
forgotten,1
kist,1
craft,2
affraide,1
hoby,2
losse,1
traile,2
alas,9
slanders,1
churchyards,1
sulphurous,1
incontinencie,1
vertuous,1
obligation,2
fell,8
trulie,1
enters,1
buffets,1
phoebus,1
reading,2
conueniently,1
vnshaped,1
cudgell,1
infect,1
crew,2
curles,1
custome,8
modestie,4
flaw,1
protests,1
happen,1
stroke,1
vnholy,1
probation,1
plum,1
dream,1
me,228
battalians,1
breeder,1
wipe,2
raine,1
vnsatisfied,1
choyce,3
neighbour,1
nobility,1
insolence,1
crowes,1
venome,2
approue,1
villanous,1
perhaps,5
punish,1
robin,1
otherwise,3
withall,6
monsters,1
delight,3
deliuer,5
acquaint,1
stop,4
ioy,8
desart,2
wilfully,1
camelions,1
pickers,1
repose,1
contrary,1
habite,2
tellus,1
iohn,1
rights,1
not,300
vnmanly,1
assur,2
gentrie,1
honestie,4
purposes,2
treads,1
cryer,1
set,22
husbandry,1
videlicet,1
bugges,1
mockery,1
season,7
pittifull,1
ambiguous,1
findes,2
tragedians,1
tell,43
sledded,1
admittance,1
siluer,2
plundge,1
olympus,1
of,610
noble,16
brow,4
lists,1
t,91
quillets,1
intent,2
southerly,1
do,104
arraigne,1
replies,1
foyle,1
heau,2
aduice,3
happinesse,1
beleefe,1
shockes,1
fantasie,2
ayrie,1
bound,5
serpent,2
1599,1
bawdy,1
hasten,1
quarelling,1
lunacy,1
vnschool,1
vnknowne,1
palpable,1
wager,6
volly,1
eterne,1
vnto,5
being,11
worser,1
charge,7
braz,1
daughters,1
consent,3
second,10
debatement,1
bend,3
imminent,1
worth,1
claime,1
ground,8
contriue,2
accepts,1
lies,4
calamity,1
forgone,1
strife,1
inuentors,1
reuisits,1
k,1
conueyances,1
bought,1
strikes,1
innocent,1
rocke,1
wisedome,5
wot,1
rebuke,1
toyles,1
thinking,3
oare,1
vpspring,1
spill,1
thornes,1
tend,4
sage,1
voyage,2
ake,2
wittemberge,1
aduise,1
regard,1
slander,1
selfe,68
compound,1
imagination,4
sport,2
leuell,1
runnes,1
drownes,1
intruding,1
numbers,1
doublet,1
sickly,1
addicted,1
strick,1
cocke,5
crooke,1
visite,1
euerie,1
affection,4
ambition,5
wing,1
see,48
scarft,1
strict,1
scullion,1
defectiue,1
al,1
corrupted,1
motiue,4
answerest,1
king,172
prisoner,2
beene,13
reueng,3
wildely,2
flash,1
lack,1
marching,1
vnction,2
lunacie,1
porpentine,1
actor,3
function,1
affront,1
fortified,1
moued,1
requit,1
ayde,1
woe,8
purples,1
compost,1
both,34
exits,1
ask,1
longer,5
take,32
successiue,1
nant,1
bespeake,1
hasty,1
easie,1
denote,1
shent,1
eyes,20
addition,1
sent,14
shakespeare,1
sect,1
deny,3
lockes,1
throne,2
forraigne,1
boystrous,1
wretch,3
doo,5
passions,1
rite,1
sensible,2
weakest,1
charitable,2
calmely,1
singeth,1
cannot,27
france,5
physicke,1
ment,3
mornings,1
mincing,1
laboured,1
blunt,1
sweepe,1
bodykins,1
courtesie,1
scorne,1
depriue,1
frends,1
growne,4
enemy,2
slaues,1
incapable,1
esteem,1
met,1
allegeance,1
sized,1
sokes,1
bulwarke,1
ceremony,1
vsurpe,1
vulgar,2
nonce,1
neither,6
honourd,1
dreames,4
vnderstanding,3
resembles,1
stops,1
blow,2
mourn,1
points,2
currants,2
round,6
coarses,1
pious,2
you,527
non,1
insert,1
attended,1
receiues,1
panders,1
now,92
heraldrie,1
vaine,1
statists,1
parley,1
commendable,1
aduancement,2
reaks,1
ordenance,1
edge,3
brood,1
sight,8
cousen,1
maiestie,7
winking,1
peepe,2
ago,1
hecticke,1
requite,1
wisedomes,1
shortens,1
doctor,1
perdie,1
died,1
went,5
delights,3
profession,1
temple,1
hey,3
did,63
dole,1
exeunt,23
inclin,1
stye,1
strike,2
heads,1
cuffes,1
prayers,1
extremity,1
sutes,1
didst,1
obseruers,1
ice,2
blast,2
visitation,3
cheeke,2
holie,1
scarce,1
swaies,1
haile,1
faded,1
chide,1
permanent,1
defie,1
formall,1
rugged,2
stale,1
deere,20
back,2
satyre,1
breaths,1
vnkles,1
twenty,2
sadly,1
sing,5
shrunke,1
marble,1
importunity,1
gaue,7
benefit,1
proper,2
obedience,2
therfore,1
collected,2
wharfe,1
ape,2
orderly,1
easily,1
supply,1
pol,49
bands,1
impotent,1
found,5
minerall,1
won,1
assault,1
cries,5
hanging,1
deuices,1
fellowship,2
thinke,43
fals,2
vnhappily,1
hot,6
honesty,1
steale,1
vnion,2
royall,3
fingers,4
hole,1
colours,1
larded,2
some,45
sinnes,2
warmes,1
beguile,2
whom,4
greet,1
concluded,1
pitious,1
soone,1
annoint,1
accesse,1
iangled,1
twelue,5
paule,1
apart,2
remorselesse,1
relatiue,1
thereof,1
rash,3
retaine,1
preparation,1
taken,2
belou,1
comedie,2
claimes,1
drie,1
reeles,1
fruitfull,1
throughly,1
wonder,4
germaine,1
seduce,1
vp,36
doth,27
loud,1
violent,4
signifie,2
burning,2
hindges,1
comply,1
haply,2
euen,21
organe,1
medicine,1
distrust,2
defend,2
gracious,6
combined,1
burnes,2
ros,2
fierie,1
importing,2
fra,1
drab,1
prayer,2
lady,10
president,1
tokens,1
pe,1
marcell,1
ee,3
applaud,1
blood,12
droppings,1
wither,1
abuse,1
gleane,1
thanke,7
smiling,3
debt,1
ioynt,2
conqueror,1
or,103
bed,13
shuffel,1
flie,1
heere,50
warning,1
amb,1
behold,1
though,22
retooke,1
breuitie,1
fear,1
voltumand,2
lispe,1
distracted,4
groaning,1
farme,1
better,15
disioynt,1
firme,1
exceedingly,1
pelion,1
galls,2
dane,6
conception,1
holds,5
extant,1
country,2
pursuest,1
thrice,4
yeeld,1
last,13
historicall,3
dawning,1
tan,1
ambass,1
sun,3
draw,9
sometimes,5
abstracts,1
hast,28
bawd,1
lords,5
summons,1
admiration,3
forehead,2
yawne,1
solemne,2
faults,3
teach,5
morrow,5
sixe,3
acts,2
vnlimited,1
bloudy,1
carpenter,2
hypocrite,1
wore,1
highly,1
bodilesse,1
somewhat,1
vs,64
get,9
retyrement,1
doubtfull,2
sipping,1
esile,1
infants,1
dew,3
illo,1
arme,5
waites,1
blowes,2
afflict,1
coniectures,1
fitting,1
key,1
pith,2
confesse,5
beaten,1
milkie,1
decline,1
breed,2
fruites,1
norman,3
rises,2
busie,1
rauell,1
without,13
sending,2
asunder,1
thoughts,17
offices,1
moones,1
tast,1
assaies,1
tongue,14
broke,2
oppression,1
forgetting,1
fantasticke,1
puh,2
goose,1
scape,2
behoues,1
frailty,1
bleed,1
ioyne,2
win,2
vnfold,3
eielids,1
sheepe,1
greatnesse,1
face,10
summe,1
those,20
agreeing,1
mutine,1
cart,1
hora,9
encompassement,1
drowned,1
clown,2
kibe,1
doores,2
statutes,1
towards,2
defeate,1
indiscretion,1
impittious,1
deuoutly,1
assis,1
accent,2
obseruance,2
once,19
gins,1
seriuce,1
harshly,1
quintessence,1
extorted,1
treason,5
mee,10
espials,1
byrlady,2
yases,1
deerely,1
wormwood,2
hymen,1
men,10
ont,1
paconcies,1
weake,2
gather,3
waight,1
greefe,10
barren,1
mew,1
gambals,1
auspicious,1
sawes,1
snatches,1
roses,1
matter,26
rood,1
bace,1
field,1
turbulent,1
beg,1
hitherto,2
stiffely,1
indeede,3
wrath,1
ue,2
receiue,7
distemper,4
iade,1
virgin,1
enseamed,1
our,130
belike,2
fast,4
eaten,1
reaches,1
ratified,1
consummation,1
betimes,1
sighe,1
any,17
bubbles,1
performance,1
beauties,1
caution,1
wantonnesse,1
armes,9
eleuen,1
freely,5
puzels,1
loosed,1
shoote,2
they,90
teamed,1
monthes,1
three,9
cautell,1
shout,1
cerimony,2
slender,1
riuals,1
vbique,1
leads,1
especially,1
plague,2
hadst,1
caps,1
lye,8
duties,1
driue,2
enter,85
superfluous,1
slaughters,1
peculiar,2
plaist,1
bedrid,1
stay,11
begger,3
commend,4
proiect,1
secure,2
effect,6
moore,1
motion,2
elsonower,3
along,3
vacancie,1
heathen,1
euidence,1
whale,2
glasse,2
deepely,1
renish,2
discourse,5
fran,8
bear,1
needes,1
ends,2
scanter,1
blanket,1
french,5
warrantie,1
gifts,4
made,29
annuall,1
dicers,1
thinkst,1
mark,2
mothers,6
eager,1
how,89
leane,1
drum,1
orizons,1
iuyce,1
sir,62
pronouncing,1
eene,1
griefe,2
dukes,1
treacherous,2
past,4
vnknowing,1
claudius,1
falsely,1
shirt,1
flat,3
crack,2
pestilent,2
exceed,1
readie,2
suffred,1
dignity,2
assay,3
conceiue,1
dotes,1
fetch,2
gaine,1
orbe,1
greenly,1
inclination,2
outface,1
color,1
inheritor,1
bethought,1
senselesse,2
immediate,1
horatio,40
verse,1
order,3
dreaded,1
vnder,5
lord,211
account,1
another,8
bow,3
euermore,1
will,149
windes,2
roaming,1
bell,2
drawes,2
reckoning,1
lier,1
base,4
cowards,1
absurd,2
shalt,5
harrowes,1
occurrents,1
opposed,1
salt,3
policie,1
liberall,3
widdow,1
weight,1
heauenly,3
beautied,1
opinion,1
libertie,1
cause,13
racke,1
finis,1
iustly,3
playes,1
antike,1
kicke,1
due,1
amaz,1
tother,1
bonet,1
coniure,2
maiesties,2
seuerall,1
bloody,3
worne,1
louing,3
prouidence,2
shoue,1
friending,1
gau,1
perpend,1
napkin,1
truster,1
vnpregnant,1
instrument,2
question,14
imperfections,1
whipping,1
imployment,2
promis,2
seeming,4
mind,2
prologue,4
playing,2
ioue,2
moue,6
niobe,1
cases,1
blasts,1
ocean,1
blazes,1
deede,2
traitorous,1
pregnant,2
hat,2
vnhand,1
encombred,1
niggard,1
vanquisher,1
pluckes,2
sorts,1
picked,1
front,1
lightest,1
secrets,1
woodcocke,1
comma,1
breefe,3
frenchman,1
rich,3
powres,2
delicate,1
preaching,1
wards,1
humbly,4
old,17
dread,5
away,27
flaming,2
funerall,3
chances,1
dearest,1
sandal,1
sleepe,11
nere,1
odde,2
tryall,2
wombe,1
lodg,1
drugges,1
reare,1
possitiuely,1
often,2
poland,1
scratcht,1
yesterday,1
sweat,2
stopp,1
capitall,2
sulleyes,1
denmarke,20
stirring,1
gidge,1
here,10
sitting,1
feates,1
strutted,1
giuen,10
ship,2
chorus,1
coronation,1
poniards,1
scarsely,1
trap,1
whiffe,1
comicall,2
chace,1
houer,1
knaues,1
inlarg,1
blame,4
imports,3
divulging,1
discouery,1
vnkinde,1
vnlesse,3
drumme,2
tune,2
sweaty,1
carriages,5
afarre,1
parle,1
beares,3
hyperions,1
ar,1
nerue,1
awake,2
leasure,1
sacred,1
masters,4
vnripe,1
halfe,5
circumscrib,1
intreate,1
resolution,1
dowrie,1
spred,2
childe,2
reway,1
murthered,1
dumbe,6
heeles,4
flushing,1
state,13
eare,17
buyer,1
put,22
be,192
behaued,1
kings,8
flagons,1
window,1
prosperously,1
osricke,5
sate,3
violets,2
bakt,1
courses,1
banke,1
tribute,2
hurling,1
inch,1
hardy,1
axe,2
ouerthrowne,1
winde,12
whore,1
broad,2
liege,3
angels,3
rim,1
imagine,1
winner,1
eares,9
sindging,1
cap,3
pronounce,1
guil,10
streame,1
smelt,1
queen,8
need,1
passes,1
accurst,1
fye,2
denmarkes,1
buy,5
only,1
grant,1
burthen,1
stretcht,1
barr,1
million,1
accident,3
indued,1
cursing,1
briefe,2
target,1
satyricall,1
inmost,1
pigeon,1
tediousnesse,1
taske,1
com,2
forgery,1
assistant,2
supposall,1
chowgh,1
taints,1
instrumentall,1
reserue,1
filme,1
aslant,1
lay,8
puft,1
flaggon,1
temperance,1
bodie,2
norway,4
preserued,1
lasts,1
moues,1
tearmes,2
lapwing,1
varnish,1
hebenon,1
rather,4
progresse,1
blesse,3
impression,1
peace,10
heaues,1
bitter,3
choller,2
from,87
kill,8
continuall,1
s,124
precedent,1
dutie,5
sprung,1
honest,11
starre,4
reuerted,1
forfeite,1
praises,1
rais,1
sets,1
life,33
vouchers,2
affliction,3
swords,1
valentine,1
pledge,1
spoken,2
forget,4
world,25
vantage,2
excuse,1
rascall,1
proclaim,1
breakes,1
allowed,2
daysie,1
befalne,1
propertie,1
braines,5
lap,2
drinkes,2
plye,1
primall,1
pictures,1
befitted,1
region,2
lesse,7
messenger,4
pierce,1
words,19
operant,1
diuel,2
riuet,1
manner,1
shipped,1
paiocke,1
re,23
wedding,1
subiect,3
reynoldo,4
bestil,1
poleak,2
pick,1
princes,1
fortune,10
implements,1
attractiue,1
spheres,1
moult,1
intend,1
seru,2
rul,2
seruice,6
occasion,2
gent,2
gowne,1
bended,1
goblins,1
canoniz,1
guildensterne,17
conuey,1
necessary,2
perturbed,1
capitol,1
grace,13
ranck,1
vnforc,1
comrade,1
tread,1
reuenge,11
cataplasme,1
tyrant,1
perfections,1
pester,1
done,23
proue,3
qualifies,1
blush,2
lash,1
length,4
play,43
commings,1
gilded,1
expell,2
thus,41
dislike,1
sure,7
helpfull,1
cure,1
after,13
ended,1
skirts,1
nights,4
sorrow,6
gratis,1
musty,1
if,114
stubbornnesse,1
beteene,1
equall,2
groundlings,1
showes,1
venom,1
mountaines,2
draughts,1
slight,1
cabin,1
to,685
eight,1
worthy,1
reechie,1
stew,1
damnation,1
decayer,1
strings,1
quoth,1
mar,31
strangely,2
bestow,5
oathes,1
coated,1
drown,6
trade,2
froward,1
husband,8
ending,1
wary,2
liuer,1
rew,2
vndertakings,1
haunt,1
phrase,9
almost,7
working,2
forg,1
skinnes,2
promontory,1
meane,12
vngracious,1
pompe,1
carried,1
cosin,3
em,2
seas,2
drop,1
cleerely,1
lone,1
forestall,1
aeneas,1
absolute,1
closset,2
muddy,2
sorrowes,1
cousend,1
deuill,1
vow,2
worse,3
oath,2
turne,4
screen,1
vncharge,1
moode,1
mistake,1
seales,1
challice,1
mirrour,1
manet,3
wit,4
assaile,1
dil,1
begin,6
greene,3
married,3
romage,1
likes,3
exclaim,1
clossets,1
vndiscouered,1
purer,1
obsequies,1
desire,7
raines,1
controuersie,1
return,4
soil,1
passages,1
owner,1
profit,2
puts,2
millions,1
foure,4
spirit,14
mountaine,3
laid,2
tugging,1
theft,1
comes,23
prate,1
repent,3
containing,1
affaires,1
imploy,1
nettles,1
link,1
ministers,1
giue,59
come,104
bird,2
vertue,13
choyse,1
saint,1
hideous,1
d,223
falles,3
vnsanctified,1
hidious,1
hiperion,1
work,1
zone,1
empire,1
returnes,2
holla,1
fauour,4
m,5
all,109
tongues,2
frowningly,1
poesie,1
foredoes,1
bin,7
resolue,1
reuengefull,1
soueraignty,1
would,73
imaginations,1
madnesse,21
purpos,1
cloake,1
knowe,1
ist,4
lowd,2
confines,1
deerest,1
wringing,1
strewments,1
known,1
frost,1
sigh,2
affaire,3
aboord,3
toy,2
encrease,1
whilst,3
bak,2
combatted,1
foode,1
six,1
recognizances,1
hum,1
euerlasting,1
mourning,1
bat,1
ministring,1
affectation,1
gently,1
vnkennell,1
pursie,1
tame,3
himselfe,20
mingled,1
bodies,4
expend,1
protestation,1
attends,1
louer,1
flame,2
royally,1
bapt,1
and,863
reputation,1
propheticke,1
roome,2
boule,1
rosincran,1
pronounc,2
that,377
none,13
short,5
sort,2
shreds,1
impotence,1
frame,4
needs,6
bone,1
light,8
baser,2
obeyes,1
rages,1
milche,1
remaine,1
told,5
consonancy,1
article,1
nods,1
talkes,1
oh,81
passe,5
hollow,1
paddocke,1
rowsed,1
them,67
tunes,1
guiltlesse,1
confine,2
kin,15
stoode,1
answered,1
rankly,1
dar,2
enemies,2
shewes,7
persons,2
truncheons,1
rauen,1
vncle,3
who,42
property,3
theater,1
lawful,1
passion,11
appointment,1
ha,27
admirable,1
sergeant,1
natur,1
saluation,2
fellow,9
warlicke,1
yes,5
indeauour,1
according,2
rough,1
lobby,2
west,1
method,2
surmise,1
leisure,1
turfe,1
deuotions,1
aduenturous,1
sore,3
skyish,1
deuis,1
celestiall,2
side,2
recorder,2
withdraw,3
maruellous,1
gore,1
rose,4
fares,2
braue,3
sings,4
deckt,1
releefe,1
vnskilfull,1
scarse,1
ban,1
builde,1
patient,3
more,89
commission,5
church,2
easinesse,2
speake,55
painted,2
people,1
camell,2
songs,2
reasons,1
contraction,1
alacke,3
built,1
merit,2
fixion,1
historie,1
yea,4
solicited,1
course,5
doom,1
peake,1
wisenesse,1
gentleman,9
praying,1
lawes,1
hurts,1
1,4
assume,3
vttered,1
foule,12
wearing,1
adiew,1
authorities,1
sicke,4
enquire,1
fruite,1
resolutes,1
crowne,6
heereafter,1
daggers,2
checking,1
aboue,4
mars,2
essentially,1
wide,4
vice,3
fishmonger,2
stronger,4
vanisht,1
poysoning,1
walkt,1
possession,1
fertile,1
mortall,4
pleas,2
spend,1
shoo,1
knee,1
wel,2
envenom,3
vnrung,1
repentance,1
whet,1
behauior,1
boudge,1
girdle,1
audience,5
buriall,5
threats,1
cutpurse,1
fetters,1
lookt,2
straight,3
daysies,1
deiect,1
deluer,1
shrow,1
qu,62
destroy,2
winters,1
highest,1
armours,1
wait,2
try,5
inobled,3
asleepe,1
pastorall,3
should,56
weapons,1
conuenience,1
happes,1
betime,1
remorse,1
bloudie,1
hand,19
duls,1
heares,2
vnite,1
stroakes,1
tush,2
vtterance,1
no,137
shamefull,1
co,1
excrements,1
ioyntresse,1
ouerlook,1
slips,1
digested,1
nine,2
years,1
performe,1
amisse,1
sleepes,4
push,1
least,3
forthwith,1
meaning,1
nunnery,4
fortinbras,13
receiu,3
bloodie,1
strong,4
restrain,1
clownes,2
synod,1
mettels,1
below,2
horrible,4
lecture,1
contract,1
blister,1
laine,1
forgiue,2
small,1
wondrous,2
wheele,3
killes,3
hees,1
roman,1
earth,21
bleede,1
honie,1
proclaimes,2
tenures,1
bringing,1
vnsifted,1
thaw,1
vnshaken,1
dugge,1
indirections,1
lids,1
calmes,1
props,1
whereof,2
hecuba,4
appeare,3
dally,1
lines,3
vouchsafe,3
sinnewes,1
delay,2
confusion,1
mixture,1
shrill,1
greeues,1
hoorded,1
rots,1
knew,5
obsequious,1
y,3
emphasis,1
exprest,1
succession,2
shuffling,2
iulius,1
remaines,3
darke,1
murderer,2
censure,3
center,1
bunghole,1
parching,1
thereto,1
worke,9
blinde,1
sourse,2
yon,1
forcing,1
spight,1
wonted,2
opposing,1
memory,7
vnfortified,1
fine,9
iest,3
fennell,1
idle,4
mouth,7
brauery,1
yeares,2
surprized,1
barre,1
allies,1
solid,1
hoboyes,1
quicknesse,1
neighbor,1
trip,1
terrible,1
seen,2
courtier,3
line,1
land,5
thankes,9
hit,5
incenst,1
embracing,1
greeting,1
point,5
spring,3
soueraigne,3
instant,4
kinne,1
flattering,1
crafty,1
tryalls,1
spies,1
whoreson,1
steepe,1
core,1
food,1
deserue,1
awhile,4
mindes,1
rapsidie,1
beard,6
pyrate,1
houses,2
horse,4
quarrell,1
angle,1
bonny,1
her,95
reade,2
beshrew,1
repugnant,1
safe,2
erring,1
obstinate,1
herod,1
faiery,1
twere,10
grow,7
prophanely,1
crash,1
tickled,1
brands,1
honourable,3
neyther,2
meant,4
carries,1
present,3
birth,2
asking,2
harsh,2
heed,1
muddied,1
mining,1
might,30
wings,2
outherod,1
knife,1
shelfe,1
clambring,1
gramercy,1
recklesse,1
takes,7
appeares,3
sixteene,1
competent,1
offended,3
ah,2
greefes,2
eye,14
courteous,1
tenants,1
shippe,1
tardy,1
feather,1
collection,2
corporall,1
acquire,1
rosin,43
fro,2
harlots,1
a,511
pastime,2
for,245
teares,8
sound,7
greeued,1
visit,4
outward,3
wrought,1
commandment,1
tristfull,1
vnreclaim,1
foyles,5
whereto,4
violl,1
foole,6
de,2
familiar,1
mazard,1
pated,1
sable,2
coniunctiue,1
cups,1
stake,1
storie,1
quietus,1
transforme,1
pendant,1
document,1
stomacke,1
swathing,1
orewhelm,1
spilt,1
shoone,1
brothers,9
deed,8
clouds,3
maiden,2
flaxen,1
publike,1
especial,1
betoken,1
nemian,1
gain,1
customary,1
prophane,1
sea,6
prize,1
pernicious,1
allowance,2
hop,1
contracted,1
crawling,1
quarry,1
conclusions,1
cerments,1
money,1
monday,1
signet,1
instance,1
politician,1
feed,3
turke,1
transformation,1
apale,1
showres,1
faces,2
chast,2
creature,2
pray,28
strugling,1
considered,1
circumstances,1
conscience,8
body,16
assurance,2
preparations,1
whor,1
colleagued,1
assignes,2
diseas,1
sauory,1
knight,1
adams,1
addresse,1
worlds,1
vertues,1
shew,20
dust,7
rossius,1
spake,1
mischance,2
sleeping,4
monument,1
generous,3
flourishes,1
prolongs,1
vnmaske,1
sayes,6
kingly,1
crimes,3
wishes,1
slaughter,2
trifling,1
vnpolluted,1
tyrannically,1
helpes,1
gate,2
propose,2
heyre,1
blasting,1
house,4
recouery,1
sixeteene,1
instantly,1
fee,2
want,2
dirty,1
whips,2
caught,3
vntimely,1
walke,9
mountebanke,1
leanes,1
speeches,1
stole,3
art,17
epitaph,2
split,1
horsse,1
sepulcher,1
windlesses,1
spurnes,2
vntill,1
flye,4
garlands,1
kisses,3
heele,1
behind,1
blurres,1
on,131
idoll,1
catch,2
sprinkle,1
crimefull,1
hamlets,7
ope,1
warm,1
disposition,5
warres,1
aduanc,1
story,2
vigour,1
duty,8
define,1
afternoone,1
thing,25
fancy,2
prouide,1
compleat,1
mutines,1
bray,1
vnwilling,1
calue,1
pour,1
fooles,2
ayry,1
fearfull,1
necessitie,1
disclaiming,1
steals,1
answere,4
assure,1
scoene,2
imitated,1
hilts,1
diadem,2
mutes,2
recoueries,2
cou,1
moreouer,1
commencement,1
mouing,1
innocculate,1
occasions,2
wrote,2
preuent,2
stoopes,1
stately,1
eate,2
bounds,1
cracke,1
pestilence,1
smiles,1
iawes,1
pyrrhus,10
iouerney,1
quoted,1
candied,1
gets,1
flourish,4
argues,1
counter,1
sounds,1
meeting,2
noblest,1
when,51
parted,1
sconce,1
cheff,1
compounded,1
wilt,8
tricke,2
looke,31
lou,4
abstinence,1
earthly,1
behauiour,1
olde,2
fits,2
faulconers,1
worst,1
fencing,1
fearing,1
beasts,2
sterrill,1
labourer,1
capons,1
stooping,1
hang,4
ratled,1
faire,20
slow,2
election,3
mightier,1
naue,1
glow,2
touch,7
hits,3
few,3
murthers,1
fulfill,1
weeping,1
grone,1
sworne,2
faculty,2
seuen,1
batten,1
limbes,2
weede,1
lust,2
drag,1
disappointed,1
temp,1
occulted,1
vnsinnowed,1
wafts,2
farre,12
armie,1
damnable,1
pioner,1
important,1
behoue,1
paine,1
demy,1
carrion,1
going,2
lock,1
sonnet,1
thanks,1
shee,4
rise,2
excellent,11
winnowed,1
kneeles,1
don,1
actus,2
defeated,1
let,104
grand,1
host,1
bold,3
challenger,1
rebels,1
lowest,1
goes,13
fold,1
indentures,1
dayes,6
arrow,1
scornes,1
hoopes,1
heartily,3
breath,13
importunate,1
replication,1
morne,2
besmerch,1
thewes,1
kindles,1
dish,1
bearers,1
flames,1
depends,2
with,254
conuerse,1
calme,1
lt,2
spectators,1
about,19
message,1
bountie,1
loses,1
name,10
stockings,1
my,502
by,107
monstrous,1
ill,6
months,1
oppressors,1
court,4
babe,1
write,1
meet,4
select,1
crust,1
boy,3
twice,4
acted,1
falshood,1
trappings,1
windy,1
suruiuer,1
mowes,1
foul,1
leaperous,1
centinels,1
rub,2
lugge,1
angel,1
proofe,6
stones,1
speedie,1
doe,51
chamber,4
pery,1
thin,1
in,400
soultry,2
ranke,6
mischeefe,1
forth,5
vncurrant,1
lofty,1
needfull,2
grossely,1
scope,2
voyce,10
enurn,1
remaster,1
howling,1
report,5
liquid,1
vngorg,1
tether,1
primy,1
danish,6
vndertake,2
sooner,2
knocking,1
feeling,1
dispatcht,1
hazard,1
priuates,1
workes,1
space,1
secunda,2
bias,1
parchment,1
lucianus,2
busines,1
abridgements,1
enterprize,2
grownd,2
smart,1
mugger,1
vses,3
lucian,1
inquiry,1
iournies,1
issue,2
pollonius,1
purgation,1
boades,1
quilles,1
turnes,2
thinkes,5
warrant,5
comerce,1
discretion,4
naught,2
seek,1
branches,1
questionable,1
potent,2
like,80
quite,4
doome,1
grating,1
rac,1
buzze,2
augury,1
together,10
christian,6
thereon,1
griefes,1
demanded,1
kept,4
antiquity,1
consequence,4
sober,1
lost,8
hower,3
mens,3
iumpe,1
spirits,5
iudgement,10
pocket,1
wag,3
guest,2
lockt,1
treble,1
concernings,1
study,1
perseuer,1
doing,2
purse,2
faithfull,3
anticipation,1
load,1
keepes,6
puppets,1
offend,1
wildenesse,1
coronet,1
gaged,1
top,8
returneth,1
mes,3
marry,15
canker,2
treacherie,2
hold,25
filiall,1
reckon,1
confession,3
threatning,1
diuide,1
parts,1
thought,14
coppied,1
crownes,1
fame,1
companions,1
choice,1
hundred,2
hyre,1
defeats,1
beauer,1
opposition,2
pittied,1
lamound,1
bedded,1
quake,1
finger,3
purging,2
eates,1
escorted,1
marriage,6
very,49
boord,1
fretted,1
damn,5
intreaty,1
hoa,5
peering,1
are,123
tempt,3
part,18
whole,8
conueyance,1
vnprofitable,1
driuen,1
chronicles,1
looser,1
tatters,1
lender,1
grisly,1
shoulders,1
hems,1
directions,1
knowes,3
yesty,1
yonder,1
courb,1
nay,26
sute,1
larger,1
paradox,1
wayes,3
borrowed,1
obiect,1
letters,7
carbuncles,1
post,2
foile,1
sends,3
streets,1
thunder,2
garbe,1
hither,8
dost,11
recouer,3
endure,1
flints,1
mount,2
command,13
mute,1
robustious,1
throw,4
termagant,1
heauie,2
way,11
sliuer,1
natiue,4
broken,1
grunt,1
alwayes,2
nickname,1
fighting,2
sonne,20
suffer,3
poor,1
musicke,7
age,8
betters,1
at,81
friend,12
mirth,2
vnkle,4
sauagenes,1
adheres,1
tyrannous,1
sunne,3
nightly,2
angell,2
rapiers,3
got,2
fault,4
forward,1
dagger,1
stuffe,3
sinne,2
since,15
gouerne,1
dying,1
memorie,2
shriuing,1
cockle,1
scourge,2
meerely,2
writ,6
health,5
helpe,12
scapes,1
beards,1
drift,4
kingdome,5
skill,3
coynage,1
wicked,5
whereon,5
shadowes,2
amazement,2
witch,1
auoid,1
platforme,2
bosome,4
lighted,1
whence,1
we,128
dismay,1
friends,19
quaintly,1
modell,1
tetter,1
admit,2
character,2
surrender,1
casuall,1
interim,1
murtherer,1
ripe,1
winne,1
meere,3
blossomes,1
thicker,1
fatted,1
goe,17
illume,1
gyues,1
expectansie,1
ladies,4
bilboes,1
hecats,1
lonelinesse,1
turneth,1
spoakes,1
gon,1
trophies,1
cryed,1
iibes,1
combate,1
secundus,1
sollemne,1
entreatie,1
springs,1
legs,1
ieering,1
honors,1
pollax,1
wounded,2
colaterall,1
waterflie,1
nony,3
infected,1
free,11
deeds,1
messe,1
prankes,1
cal,2
foote,3
cheere,2
confederate,1
lungs,2
because,1
diuided,1
prepar,1
compulsatiue,1
dupt,1
gender,1
was,84
consider,3
view,2
watch,14
laertes,35
corruption,2
pit,3
depart,1
chaunted,1
tong,1
tanner,1
conuerted,1
runs,1
modesties,1
vnworthy,2
carue,1
while,16
timbred,1
awe,2
slaine,5
hush,1
russet,1
vnmannerly,1
naturall,5
vnbaited,1
denmarks,1
giues,7
bleeding,1
send,4
doubt,10
cut,2
paint,1
sextons,1
enuious,1
station,2
pipe,3
th,62
beautifed,1
sowing,1
dogge,2
visage,5
discord,1
hall,1
woman,7
lose,4
torrent,1
coldly,2
celebrated,1
tooke,5
eies,1
allow,1
ingenious,1
angry,1
records,1
blacke,8
fox,1
lesson,1
els,2
comutuall,1
mysterie,1
rerule,1
masse,3
fancie,1
digge,2
honying,1
forgeries,1
mistooke,1
inky,1
yonger,1
fortie,1
cliffe,1
importun,1
indite,1
praier,1
liquor,2
fortin,1
water,6
dreines,1
falling,2
twer,1
drowne,5
tempest,1
worm,1
appear,3
rare,1
saw,14
beating,3
israel,1
quantitie,3
fare,6
keene,2
before,17
lacke,5
each,11
downe,28
roughly,2
penetrable,1
sides,3
patientlie,1
safely,3
an,53
shrowding,1
schollers,2
bad,7
into,27
abilitie,1
strength,1
meats,1
stowed,1
auouch,1
loose,5
flights,1
youth,14
hedge,1
thousand,8
shooke,1
painting,1
respects,1
siz,1
amble,1
shell,1
seal,5
faction,1
knees,2
declension,1
buttons,1
extrauagant,1
suffering,1
darkest,1
passionate,2
gorge,1
violet,1
thereabout,1
goblin,1
magicke,1
maintains,1
matters,3
vnequall,1
formes,3
adores,1
whil,3
run,2
these,44
congregation,1
rashnesse,1
articles,1
strucken,1
starres,3
rage,3
impasted,1
mould,1
temperately,1
deceiued,1
hopes,1
christians,1
coarse,3
change,3
burnt,1
clowd,1
crow,1
despight,1
blankes,1
conceald,1
prima,1
hearer,1
woodcocks,1
hap,1
mend,1
dreame,5
sorrie,2
hugger,1
double,6
gyant,1
fardles,1
worme,1
spokes,1
bearing,1
locke,3
graces,2
list,6
metled,1
pleasures,2
ambitious,3
bring,12
great,19
tree,2
guard,3
magots,2
enmity,1
prythee,5
pause,3
nose,2
swallowed,1
bites,1
well,71
fall,8
madam,12
pulse,1
soyle,1
content,3
word,12
beauteous,1
recount,1
winds,1
sodaine,5
grained,1
serues,2
moods,1
harlot,1
obserue,3
wake,2
eternity,1
ostentation,1
ho,6
lawlesse,1
hyes,1
shake,3
comfort,1
hastie,1
costly,1
tis,69
twas,5
willes,1
rellish,2
elder,1
canst,2
forbeare,1
hypocrites,1
beleeued,1
eternall,2
triuiall,1
vnpacke,1
witching,1
lament,2
birds,1
sicknesse,2
cals,3
auoyd,2
meditation,1
twaine,2
likenesse,1
orbed,1
lome,2
certaintie,1
stone,2
heart,30
obseruation,1
portall,1
witnesse,1
power,8
conuert,2
moone,4
circumuent,1
serue,1
rome,1
robe,1
counsellor,1
party,1
ore,7
padling,1
moneths,2
perform,1
where,56
pleasing,1
the,993
bread,1
homage,1
vnyoake,1
morning,4
damon,1
perchance,5
desires,3
out,55
man,46
makes,16
belieue,1
lyes,2
holdst,1
touches,1
priuate,1
personall,1
pressure,1
felicitie,1
vnfledg,1
lipps,1
peruse,1
dishonour,2
shal,4
lions,1
hands,9
becomes,2
maiesticall,2
rebellious,2
impart,4
quiddits,1
goodnight,9
borne,8
compulsiue,1
pride,1
ouer,8
stickes,1
bap,3
clemencie,1
bones,4
suiting,1
curiously,1
sustaine,1
sanctity,1
gardiners,1
proclaime,2
norwey,5
wouldest,2
crab,1
lodge,1
contagious,1
sonnes,2
teeth,2
said,13
hatch,1
possesse,1
yaughan,1
popt,1
priuy,1
poet,1
already,4
fac,1
smooth,2
truely,1
termes,3
grapple,2
yours,6
beauty,3
aygre,1
glean,1
refraine,1
moment,2
pangs,1
hence,5
quicke,6
offer,4
trace,1
brest,1
weare,4
prenominate,1
counsell,3
gestures,1
bellow,1
humanity,1
encountred,1
nothings,1
ready,1
north,2
duller,1
make,54
lying,1
him,178
scull,6
staid,3
erruption,1
fought,1
leaue,27
habit,1
dwelling,1
giued,1
polonius,20
obscure,1
placed,1
bated,1
anger,1
pittious,1
vnbrac,1
hid,2
opposites,1
i,574
layes,1
superuize,1
rent,1
golden,2
wig,1
deare,9
trespasse,1
shut,1
willow,1
fight,3
combination,1
soft,8
cloathes,1
mole,1
exact,1
meanes,19
tels,1
pat,1
has,2
blaze,1
chaplesse,1
iemme,1
crie,1
minutes,1
pleasure,2
kettle,2
captaines,1
ring,4
trumpets,2
cheefely,1
hellish,1
herbe,1
mouse,3
regards,1
quit,2
vngartred,1
substance,1
pons,1
strengthen,1
index,1
garland,1
vpon,52
ducates,1
companies,1
blew,1
hillo,1
wrights,1
ghost,21
laying,2
render,1
whats,1
forc,2
heroes,1
brother,7
fathers,20
seale,2
raues,1
nasty,1
close,3
ours,2
deliberate,1
taint,1
ponderous,1
haue,178
changeling,1
so,189
cue,1
harrow,1
sprindge,1
coach,1
mercurie,1
beleeue,17
reforme,1
dyes,3
burne,2
it,419
matrons,1
carde,1
mistris,3
clo,29
others,4
yeomans,1
behinde,5
player,4
hoodman,1
inexplicable,1
louingly,1
smels,1
handsaw,1
merriment,1
arriued,1
departed,1
feature,2
flatter,2
philosophie,1
infaith,2
cauiarie,1
ene,5
thereunto,1
resemble,1
leysure,2
beast,5
prou,3
immediately,1
attendants,2
wash,2
ther,1
pratlings,1
limed,1
holding,1
winch,1
shouell,1
springes,1
repaire,2
sit,8
impatient,1
aske,2
trebble,1
true,22
foiles,1
artlesse,1
knockt,1
noyse,2
steep,1
payes,1
ordinate,1
scene,1
trouble,1
respeaking,1
stand,15
dyed,3
alarme,1
sence,3
furnish,1
sanitie,1
inuites,1
processe,3
ioyes,2
horrors,1
blowne,2
bid,6
indifferent,3
hung,1
dido,1
earnest,1
disclose,1
sancturize,1
grasse,2
shift,1
scuffling,1
sift,1
leaps,1
stuck,1
tumbled,1
nature,24
iudicious,1
distraction,2
beyond,2
clouts,1
blason,1
birch,1
rheume,1
annexment,1
dipping,1
sodainely,1
sith,1
middle,2
valiant,3
murdrous,1
akers,1
wood,1
extreamity,1
happy,3
knocke,1
coffin,1
blessing,5
maids,3
saylors,2
harping,1
scandall,1
cheerefully,2
imperiall,2
single,2
beautified,1
curd,1
plentifull,1
sauiours,1
nephewes,2
prai,1
encorps,1
contagion,2
designe,1
diuell,4
vnseene,3
coole,1
author,2
inheritance,1
red,3
nipping,1
faith,12
neglect,1
deale,1
liu,1
threaten,1
shot,4
secricie,1
moity,1
proceeding,1
purchases,1
reuolution,1
reads,1
element,1
heare,31
hallow,1
sharpe,1
gaming,3
practises,1
sighes,1
maine,3
read,3
grosse,2
stocke,1
mellow,1
proud,1
wanton,3
among,1
standing,1
womens,1
rusty,1
practice,3
request,1
dreadfully,1
wine,2
faile,1
euery,8
presence,3
invulnerable,1
bakers,1
lasting,2
beere,1
maruels,1
ophe,56
frighted,1
milke,1
paris,1
lenton,1
woer,1
truth,6
became,1
postscript,1
switzers,1
beget,1
emperor,1
illes,1
couple,1
fellowes,5
arrest,1
italian,1
charity,1
baptista,1
circumstance,6
acting,1
instances,1
pound,1
ham,337
inward,2
snow,4
speaks,1
altogether,1
accounted,1
finding,2
fretfull,1
hauocke,1
talke,2
tride,1
pursued,1
weedy,1
fitted,1
laps,1
forged,1
perillous,1
drossie,1
remembrance,3
neptunes,1
choose,4
closes,4
sweete,2
secrecie,2
grounds,1
thirty,1
iudge,3
malicious,2
contumely,1
countenance,5
stood,4
hope,7
safety,4
minde,10
battery,1
caines,1
ominous,1
dismantled,1
drink,1
residence,1
tropically,1
calumny,1
actiuely,1
backward,1
geulles,1
staffe,1
posset,1
times,7
stalled,1
pins,1
spots,1
wauing,1
fond,2
sworn,1
betweene,15
touching,3
malicho,1
feast,3
wrinkled,1
reply,2
suck,2
apparition,2
riotous,1
writers,1
recorders,1
lands,4
fret,1
arm,4
ones,3
normandy,1
cursed,4
op,1
sinners,1
malefactions,1
hunts,1
diligence,1
dexterity,1
benetted,1
force,4
quick,1
weedes,1
packet,1
shape,6
too,60
seene,20
murdering,1
beckons,1
sounded,1
builds,2
pricke,1
fauourites,1
white,4
booke,4
indeed,27
fiends,1
incensed,1
time,44
compell,1
steps,1
hart,1
villaines,1
vilde,5
fines,2
particular,5
thumbe,1
daughter,16
breeding,2
left,4
slightly,2
mocke,1
negligence,1
obseruant,1
quils,1
newtrall,1
guildenstern,2
creation,1
weaknesse,2
had,46
coozenage,1
especiall,1
l,24
trophee,1
vppon,1
dipt,1
husbands,3
diet,2
seekes,2
neerer,3
watchmen,1
toyle,1
gallant,1
obseru,1
entertainment,3
exit,18
cuplet,1
churlish,1
drunke,1
beggers,2
sallery,1
sequell,1
pettie,1
beats,1
cunning,4
confin,1
setled,1
drinke,14
common,8
vnsmirched,1
finde,13
contents,1
recame,1
vengeance,2
sterne,1
retrograde,1
presures,1
bellowed,1
wast,1
assumes,1
valentines,1
compasse,1
seed,1
exchange,2
vneffectuall,1
declines,1
were,26
off,19
soop,1
breathing,2
ratifiers,1
foe,2
remembrances,1
places,1
rendeuous,1
step,2
slings,1
his,285
animals,1
gho,9
loue,66
adaies,1
sense,5
answers,1
damned,6
potion,1
liuing,2
basenesse,1
theeues,1
disease,1
guards,1
sirs,3
beer,1
stranger,1
blunted,1
mortiz,1
sanctified,1
woo,4
remedie,1
fayl,1
repell,1
cleft,1
purpose,12
altitude,1
wisely,2
demands,2
ielly,1
thirtie,2
northerly,1
marriages,1
therein,1
conioyn,1
seated,1
hill,3
indiuidible,1
your,253
artire,1
rests,2
greeue,2
hercules,3
followed,2
case,1
loggets,1
neuer,24
dalliance,1
nation,2
miching,1
sere,1
depriu,1
speed,4
sheete,1
alijs,1
veyled,1
vlcerous,1
obey,7
scoena,1
proportions,1
makers,1
forgot,5
simples,1
disclos,2
spoke,2
piece,1
crib,1
something,12
whatsoeuer,1
blench,1
affrighted,1
reach,1
mock,3
doue,2
thunders,1
heraldry,1
thether,1
shortly,4
dominions,1
calles,1
find,3
night,38
letcherous,1
shapes,2
heauens,10
compact,1
god,26
heerein,4
translate,2
bisson,1
show,4
confound,2
wont,3
generall,6
estimation,1
doest,1
humorous,1
multitude,1
passeth,1
martiall,1
strook,1
dare,3
nimph,1
license,1
tricks,1
afterwards,1
payed,1
rate,1
whine,1
expresse,3
beware,2
scripture,2
vtter,1
tenders,3
ouercome,1
cannoneer,1
quietly,1
hauiour,1
murther,10
ingag,1
exactly,1
shaking,1
coming,1
perceiue,1
portraiture,1
loosing,1
respect,1
offends,1
anothers,1
except,1
tertia,1
exployt,1
tributary,1
vnpegge,1
someuer,1
eats,1
abhominably,1
weapon,2
ignorance,3
surge,1
polititian,1
pesant,2
female,1
drooping,1
cyclops,1
euents,1
ragges,1
iot,2
leaping,1
emulate,1
breach,1
coile,1
precepts,2
sables,1
cell,1
till,19
lowdly,1
stopping,1
seem,2
prodigall,2
volume,1
talk,1
proceeded,1
remember,12
calues,1
houres,2
thank,1
guilt,3
enuiously,1
direct,4
giuers,1
opinions,2
grinding,1
gamboll,1
implorators,1
houre,5
vnwatch,1
bare,3
offenders,1
carriage,1
nill,1
rot,1
hawke,1
diuinity,2
ye,11
seate,1
abuses,1
o,67
ne,3
barn,10
acquittance,1
fool,1
starling,1
wife,8
england,20
hearts,3
die,2
saylor,1
expostulate,1
effects,3
ten,3
tinct,1
sparke,1
westward,1
graue,15
obiects,1
iudgements,2
weepes,1
rashly,1
stoupe,1
suites,2
adam,1
remoued,1
barbary,2
canopy,1
keepe,17
lets,3
knowing,1
gibbe,1
attendant,4
iigge,2
determination,1
cheefest,1
narrow,1
indifferently,1
vnnaturall,4
hammers,1
greekes,1
couched,1
asse,4
whisper,1
place,6
ancient,1
speak,5
offences,2
carefully,1
pittie,2
march,5
marcellus,10
ease,4
healthfull,1
fill,1
bounded,1
possest,1
table,7
deceiu,1
wormes,2
errors,1
doore,4
patch,1
outragious,1
weeds,2
notes,1
long,17
highnesse,1
ducate,1
tormenting,1
twixt,2
william,1
vnimproued,1
praise,3
halt,1
gone,13
grop,1
student,1
tennis,1
distract,1
heauy,4
lot,1
knowne,7
enact,2
pitteous,1
terme,2
barbars,1
exception,1
chariest,1
marke,13
boxe,1
brought,5
rebellion,1
imbark,1
ioyntly,1
history,1
distilment,1
wold,1
vnckle,3
inhibition,1
interpret,1
moneth,2
two,22
dallying,1
fresh,1
caesar,2
patience,5
vnseale,1
strumpet,2
gauntlets,1
amities,1
garden,2
longed,1
vndoe,1
plac,2
melancholly,2
theme,1
ardure,1
tax,1
such,52
figure,4
estate,3
law,7
month,2
ambassadours,1
vnwholsome,1
girle,1
hyrcanian,1
feathers,1
squeezing,1
wherein,4
throwne,3
vnhatch,1
dye,5
parragon,1
waxe,1
sweet,22
blanke,1
battlements,1
much,43
cleaue,1
lawyer,1
gallowes,4
wholsom,1
lifted,1
amis,1
profound,2
likeliehood,1
breake,9
embrace,2
fed,1
making,5
foh,1
tythe,1
solidity,1
wants,2
precious,2
sinewes,1
garments,1
functions,1
shewne,1
desperate,5
picture,2
immortall,1
swear,1
causes,1
prison,5
hath,57
owle,1
bride,1
prey,1
pure,2
chanson,1
packing,1
hamlet,100
pearle,1
barrell,1
counterfet,1
ladiship,1
greeted,1
open,3
speakes,3
answer,9
hearke,1
lanke,1
noted,1
profoundest,1
hearers,2
rosincrance,11
complie,1
foolery,1
compelled,1
freeze,1
incestuous,4
noyance,1
possible,3
peebles,1
affections,1
tale,4
remembred,1
nor,32
fashion,8
vniuersity,1
maiesty,8
begun,4
prais,1
iuggel,1
iephta,3
fiue,1
sweare,9
machine,1
traueller,1
cicatrice,1
musick,1
reuels,1
shrewdly,1
contriuing,1
vnnaneld,1
bent,3
thither,2
image,4
bloodily,1
right,11
dozen,2
myraculous,1
crocodile,1
end,17
dry,2
mone,1
liue,15
waste,2
palme,2
fixt,3
vulcans,1
sparrow,1
stubborne,1
roasted,1
troubles,2
restore,1
path,1
sicklied,1
bastard,1
iealousie,2
home,6
arrowes,2
goodman,1
steele,3
bruite,2
loath,1
wee,20
folly,1
say,52
monarchs,1
flesh,5
rites,4
whereat,1
pinch,1
easterne,1
croaking,1
pale,8
beautie,4
hearsed,1
suffers,2
winkes,1
keep,1
tardie,1
commanded,1
neck,1
businesse,10
dirge,1
newes,11
loathsome,1
coniuration,1
new,4
hammes,1
honour,7
knowledge,1
insinuation,1
farwel,1
satisfied,1
giuing,4
guilty,5
faining,1
seruants,2
francisco,2
gentlewoman,1
exterior,1
incest,1
start,4
dull,5
conuoy,1
foolish,3
bodkin,1
turn,5
clamour,1
whiles,1
folded,1
euer,13
changed,1
ly,1
breadth,1
maid,6
marrie,1
what,211
hoo,1
maimed,1
knaue,5
grones,1
warre,2
willingly,2
dealt,1
proposer,1
detecting,1
minute,1
goodly,3
shold,1
pursue,2
nutshell,1
wholsome,5
full,10
lewdnesse,1
accord,1
minister,1
calumnious,1
huge,1
carrying,1
columbines,1
this,276
roares,1
slay,1
which,60
bels,1
drinking,1
impartment,1
theame,2
valour,1
office,1
growes,4
doomesday,2
borrower,1
pardon,9
gods,6
constantly,1
amaze,1
drabbing,1
sheep,1
masterly,1
shame,7
blest,2
same,13
waues,1
soliciting,1
smoothnesse,1
amber,1
punisht,1
prouoke,1
proceed,1
bulke,2
weazell,2
nobler,1
sheene,1
souldiers,1
ser,1
scale,2
seeke,8
flowers,3
search,1
swaggering,1
different,1
selues,12
riuer,1
themselues,5
choppine,1
hatchment,1
vnbated,1
burst,3
honor,7
yoricks,1
offall,1
fates,1
vngalled,1
mans,5
captaine,1
person,3
herald,1
hent,1
further,12
origin,1
weaker,1
vsurp,1
wheaten,1
richer,2
good,98
hardly,1
lunacies,1
thy,90
petty,1
thirties,1
dropping,1
wall,1
waxes,2
adulterate,1
violence,4
death,37
stalke,1
accidentall,1
denmark,2
impon,2
weeke,1
weary,2
twentieth,1
gauled,1
stage,4
merrie,2
spacious,1
know,71
vouch,1
selleredge,1
throwing,1
yorick,1
apprehension,2
releeued,1
there,92
perswade,1
gape,1
rest,14
laugh,6
triumph,1
lead,3
best,11
inuite,1
prompted,1
pul,1
repast,1
acte,4
plaid,2
asham,1
begins,2
heate,4
throat,2
crye,1
walkes,2
wild,2
ought,9
coward,1
hore,1
wooes,1
bout,1
weigh,3
opprest,1
shall,107
brainish,1
pitty,2
vnderstand,6
lacks,1
couch,2
complexion,2
wisest,3
footed,1
started,1
wittingly,2
wittenberg,3
flies,1
cheefe,2
credent,1
teare,3
own,2
rat,3
feede,2
holde,1
manners,1
la,2
grosser,1
bar,7
variable,2
likely,2
borrowing,1
ventiges,1
whirle,1
anckle,1
leade,1
compos,1
prepare,3
twill,4
strew,2
rapier,3
silence,5
vision,1
declining,1
first,17
conceited,1
dishes,1
boughes,1
please,11
luxury,1
peale,1
stealers,1
conuocation,1
matine,1
hearing,4
low,1
equiuocation,1
feeles,1
dismall,2
ruine,1
lyest,1
reueale,1
responsiue,1
day,25
soldiours,1
dayly,1
loe,3
argall,3
verie,11
dore,1
horridly,2
kild,1
philosophy,1
scholler,1
things,11
til,1
neere,9
shadow,3
horrid,2
soule,33
dirt,2
opposite,1
countrey,1
fey,1
may,65
haire,2
flashes,1
fore,3
audit,1
buried,6
heard,14
halfepeny,1
clutch,1
defect,1
conquest,1
poure,1
gentle,4
kissing,2
faine,3
dilated,1
frend,1
other,27
haste,2
coagulate,1
anticke,2
thicke,3
iudges,1
extent,1
deiected,1
seruant,1
warlike,4
expence,1
forty,1
lest,2
peeuish,1
test,1
cast,6
affayre,1
impious,1
dangerous,6
incorrect,1
enough,6
act,9
little,13
bait,1
prick,1
maist,1
as,205
boyes,1
absent,1
brutus,1
clowds,1
saies,3
ossa,1
rore,1
disperate,1
apparell,1
arrests,1
innouation,1
held,2
bore,4
head,26
colour,4
prophesie,2
roofe,1
browes,1
buyes,1
sticke,3
inclining,1
spundge,3
gawdie,1
frankely,2
english,1
prowd,1
folke,1
suppresse,2
volt,2
hew,2
certaine,4
crowner,1
cape,1
poem,1
besides,1
extinct,1
anon,6
rewards,2
lethe,1
poyson,9
vse,13
aunt,1
seneca,1
prating,1
followes,4
torches,1
clowne,3
deserued,1
saide,2
reason,12
hor,95
vnuallued,1
nephew,1
bene,4
infinite,3
pocky,1
wax,1
religious,1
dreadfull,3
nero,1
hauing,2
brooch,1
passing,3
confront,1
happily,2
dead,30
quiet,5
radiant,1
hee,21
planets,1
pastoricall,1
soules,5
hermony,1
mine,44
ordinance,1
skin,1
forgiuenesse,1
liest,2
